"SMILES", "Ki"
"NCCCNCCSP(O)(O)=O",
"CCc1cc2CC(Cc2cc1CC)NC[C@H](O)c1ccc(O)c2NC(=O)CCc12","45.0"
"CC(C)(C)NCC(O)c1cc(Cl)c(N)c(Cl)c1","570.0"
"NC(=O)C([C@@H]1CCN(CCc2ccc3OCCc3c2)C1)(c1ccccc1)c1ccccc1","15.9"
"CC(C(O)=O)c1cccc(c1)C(=O)c1ccccc1",
"C(Cc1ccccc1)N1CCCC1",
"Nc1ccc(cc1)S(=O)(=O)NC(=O)c1ccccc1",
"COC(=O)Nc1nc2cc(ccc2[nH]1)[S+]([O-])c1ccccc1",
"COc1ccc2c3CCNCc3[nH]c2c1","10000.0"
"COc1cc(CCNCCc2ccc(O)c(O)c2)ccc1OCCCc1ccccc1","53.0"
"CC[C@H](Cc1ccc(O)cc1)NC[C@H](O)c1cc(O)cc(O)c1","1270.0"
"C\\C(\\C=C\\C1=C(C)CCCC1(C)C)=C/C=C/C(C)=CC(O)=O",
"Oc1ccc(OCc2ccccc2)cc1",
"CN(Cc1cnc2nc(N)nc(N)c2n1)c1ccc(cc1)C(=O)N[C@@H](CCC(O)=O)C(O)=O",
"CCCC[C@H](C)NC[C@@H](O)c1cc(O)cc(O)c1","56234.13"
"CCCCN1CCC(COC(=O)c2cc(Cl)c(N)c3OCCOc23)CC1","1000.0"
"Cc1nccn1CC1CCc2c(C1=O)c1ccccc1n2C",
"COc1cc(cc(OC)c1OC)[C@H]1[C@@H]2[C@H](COC2=O)[C@@H](O)c2cc3OCOc3cc12",
"CC(=O)CC(c1ccccc1)c1c(O)c2ccccc2oc1=O",
"CCCOc1ccccc1-c1nc2[nH]nnc2c(=O)[nH]1",
"COc1ccccc1OCCNC[C@@H](O)Cc1ccc(O)c(O)c1","740.0"
"Cl.NCC1CC1c1cc(F)c(F)cc1OCC=C","807.0"
"CC1Nc2cc(Cl)c(cc2C(=O)N1c1ccccc1C)S(N)(=O)=O",
"COC(=O)COc1ccc(C[C@@H](C)NC[C@H](O)c2cccc(Cl)c2)cc1","3.2"
"CN1CCN(CC1)C(c1ccccc1)c1ccccc1",
"C(N1CCCC1)c1ccccc1",
"Cn1c2nc[nH]c2c(=O)n(C)c1=O",
"COc1ccc(cc1)[C@@H](Cc1ccccc1)NC[C@H](O)Cc1ccc(O)c(NS(C)(=O)=O)c1","3100.0"
"CS(=O)(=O)Nc1ccc(cc1Oc1ccccc1)[N+]([O-])=O",
"CN(C)C=O",
"COc1ccc2n(C)cc(CCN)c2c1","20400.0"
"C\\C1=C/CC[C@@]2(C)O[C@H]2[C@H]2OC(=O)C(=C)[C@@H]2CC1",
"COc1ccc(cc1OC)[C@H](Cc1ccccc1)NC[C@@H](O)Cc1ccc(O)c(NS(C)(=O)=O)c1","24.0"
"CC(C)(C)NC(=O)[C@H]1CC[C@H]2[C@@H]3CC[C@H]4NC(=O)C=C[C@]4(C)[C@H]3CC[C@]12C",
"CC(N)Cc1c[nH]c2ccc(OCc3cccs3)cc12",
"COc1c(I)cc(CC2NCCc3nc(N)sc23)cc1I","426.58"
"CS(=O)(=O)Nc1cc(ccc1O)[C@@H](O)CNCC1CCN(CC1)S(=O)(=O)c1ccc(cc1)-n1cc(CC(O)=O)c2ccccc12","180.0"
"CC(C)(C#N)c1cc(Cn2cncn2)cc(c1)C(C)(C)C#N",
"CCOC(=O)C1=C(COCCN)NC(C)=C(C1c1ccccc1Cl)C(=O)OC",
"CN(C)[C@H]1[C@@H]2[C@@H](O)[C@H]3C(=C(O)[C@]2(O)C(=O)C(C(N)=O)=C1O)C(=O)c1c(O)cccc1[C@@]3(C)O",
"CNC(NCCSCc1csc(CN(C)C)n1)=C[N+]([O-])=O",
"Oc1ccc(cc1)-c1coc2cc(O)cc(O)c2c1=O",
"Cl.CNCC(O)COc1ccc(cc1)S(=O)(=O)NC(C)C(C)C","30199.52"
"CC[C@H]1c2cc(OC)ccc2CC[C@@]1(C)N","5011.87"
"COC(=O)Nc1nc2cc(ccc2[nH]1)C(=O)c1ccc(F)cc1",
"NC(=O)c1cnccn1",
"CNCCCN1c2ccccc2CCc2ccccc12",
"OC[C@H]1O[C@H](C[C@@H]1O)n1cc(I)c(=O)[nH]c1=O",
"COc1cc(CC2NCCc3cc(O)c(O)cc23)cc(OC)c1OC","43.65"
"CC(C)NC[C@@H](O)COc1ccc(O)c(O)c1","420.0"
"COc1cc(CCNC[C@H](O)COc2ccc(O)c(O)c2)ccc1OCCCc1ccccc1","7.2"
"Clc1ccccc1C(=O)N1CCC(Cc2ccccc2)CC1",
"C[C@]12CC[C@H]3[C@@H](CCc4cc(O)ccc34)[C@@H]1C[C@@H](O)[C@@H]2O",
"C(N1C2CCC1CC2)c1cccnc1",
"CC(C)(C)c1ccc(cc1)C(=O)CCCN1CCC(CC1)OC(c1ccccc1)c1ccccc1",
"[Cl-].C[N+](C)(C)CCO",
"COc1ccc2CN(C)CC[C@@]34C=C[C@H](O)C[C@@H]3Oc1c24",
"CC[C@@H](CO)NC(=O)[C@H]1CN(C)[C@@H]2Cc3c[nH]c4cccc(C2=C1)c34",
"CC(=O)OCC(CCn1cnc2cnc(N)nc12)COC(C)=O",
"C[C@H](Cc1ccc(O)cc1)NC[C@@H](O)c1cc(O)cc(O)c1","10330.0"
"COc1cccc(C[C@H](C)NC[C@@H](O)c2cc(O)cc(O)c2)c1","15881.0"
"Nc1nc(N)c2nc(CNc3ccc(cc3)C(=O)N[C@@H](CCC(O)=O)C(O)=O)cnc2n1",
"CN1CCC2(COc3cc4CCN(C(=O)c5ccc(cc5)-c5ccc(cc5C)-c5noc(C)n5)c4cc23)CC1","1000.0"
"CCN(CC)CCOC(=O)C1(CCCCC1)C1CCCCC1",
"C[C@@H](Cc1cccc(N)c1)NC[C@H](O)c1cc(O)cc(O)c1","6035.0"
"ClCCNP1(=O)OCCCN1CCCl",
"ClC(Cl)=C",
"Nc1ccn([C@@H]2CS[C@H](CO)O2)c(=O)n1",
"Cc1ccc(cc1)N(CC1=NCCN1)c1cccc(O)c1",
"Brc1c(NC2=NCCN2)ccc2nccnc12",
"CC(C)NCC(O)c1ccc(O)c(O)c1","676.08"
"C[S+]([O-])c1ccc(C=C2C(C)=C(CC(O)=O)c3cc(F)ccc23)cc1",
"CCCCCCNC(=O)Nc1ccc(cc1)S(=O)(=O)Nc1ccc(CCNC[C@H](O)COc2ccc(O)cc2)cc1","160.0"
"OC(COc1cccc2[nH]c3ccccc3c12)CN1CCC(CC1)N1C(=O)c2cccc3cccc(C1=O)c23","57.0"
"COc1ccc(cc1O)[C@@H](Cc1ccccc1)NC[C@@H](O)Cc1ccc(O)c(NS(C)(=O)=O)c1","1070.0"
"COc1ccc(cc1OC)[C@@H](Cc1ccccc1)NC[C@@H](O)Cc1ccc(O)c(NS(C)(=O)=O)c1","66.0"
"CN1CCC(CC1)NCC(O)COc1ccccc1CC=C","2.4"
"Clc1ccc(cc1)N1CCN(CCn2c(=O)[nH]c3c4ccccc4[nH]c3c2=O)CC1","100000.0"
"O[C@@H](CNCCc1ccc(Oc2ccccc2)cc1)c1ccc(O)c(NC=O)c1","35.4"
"C[C@H](Cc1c[nH]c2c(OCC(O)=O)cccc12)NC[C@H](O)c1cccc(NS(=O)(=O)c2cccs2)c1","160.0"
"CC(C)NC[C@H](O)COc1ccccc1CC=C","0.9333"
"OCc1cc(ccc1O)C(O)CNCCc1ccc(Nc2ccc3ccccc3c2)cc1","316.23"
"NC[C@H](O)c1ccc(O)c(O)c1F","2000000.0"
"CC(C)Oc1ccc(Nc2ccc(CCNCC(O)c3ccc(O)c(CO)c3)cc2)cc1","100.0"
"COc1ccc2c(c1)[nH]c1c(C)nccc21","10000.0"
"OC(CNC1CCN(CC1)c1ncnc2scc(-c3ccccc3)c12)COc1cccc(F)c1","30.0"
"OCc1cc(OCC(O)CNC2CCN(CC2)c2ncnc3ccsc23)ccc1O","165.0"
"OC(CNC1CCN(CC1)c1ncnc2scc(-c3ccc(F)cc3)c12)COc1ccc(O)cc1","175.0"
"COc1ccc(cc1OC)[C@H](Cc1ccccc1)NC[C@H](O)Cc1ccc(O)c(NS(C)(=O)=O)c1","820.0"
"CC(C)c1ccc(C)cc1OCC(O)CN1CCN(CCN2C(=O)c3cccc4cccc(C2=O)c34)CC1","110.0"
"CC(C)c1ccccc1OCC(O)CN1CCC(CC1)N1C(=O)c2cccc3cccc(C1=O)c23","13.0"
"OC(COc1ccc2[nH]ccc2c1)CN1CCC(CN2C(=O)c3cccc4cccc(C2=O)c34)CC1","1260.0"
"OCc1cc(OCC(O)CNC2CCN(CC2)c2ncnc3sccc23)ccc1O","440.0"
"Cc1c(sc2ncnc(N3CCC(CC3)NCC(O)COc3ccc(O)cc3)c12)-c1ccccc1","270.0"
"OC(CNC1CCN(CC1)c1ncnc2scc(-c3ccccc3)c12)COc1cc(O)ccc1C(O)=O","517.0"
"O[C@@H](CNCCc1ccc(OCCCc2ccccc2)cc1)c1ccc(O)c(NC=O)c1","5.9"
"C\\C(\\C=C\\C1=C(C)CCCC1(C)C)=C/C=C/C(/C)=C/C(O)=O",
"Cn1cc(C(=O)C(=O)N[C@@H]2CN3CCC2CC3)c2ccccc12","100000.0"
"COc1cc(cc(OC)c1OC)C(=O)NC1CCCNC1",
"COc1ccc(CC(C)NCC(O)c2ccc(O)c(NC=O)c2)cc1","2.6"
"CCCCC[C@@H](C)NC[C@H](O)c1cc(O)cc(O)c1","9275.0"
"CCCCC[C@H](C)NC[C@@H](O)c1cc(O)cc(O)c1","56420.0"
"CO[C@H]1C[C@@H](O[C@H]2C[C@@H](O[C@H]2[C@]2(C)CC[C@@H](O2)[C@]2(C)CC[C@]3(C[C@H](O)[C@@H](C)[C@H](O3)[C@@H](C)[C@@H]3O[C@](O)(CC(O)=O)[C@@H](C)[C@H](OC)[C@H]3OC)O2)[C@H]2O[C@](C)(O)[C@H](C)C[C@@H]2C)O[C@@H](C)[C@@H]1OC",
"[O-][N+](=O)c1ccc(\\C=N\\N2CC(=O)NC2=O)o1",
"CN1CCC[C@H]1c1cccnc1",
"FCc1nc(cs1)C#Cc1cc(F)cc(c1)C#N","10000.0"
"O=C1COc2ccc(OCCNCCCOc3cccc4[nH]ccc34)cc2N1","1000.0"
"CCN1CCN(C(=O)N[C@@H](C(=O)N[C@H]2[C@H]3SC(C)(C)[C@@H](N3C2=O)C(O)=O)c2ccccc2)C(=O)C1=O",
"CNCCC=C1c2ccccc2CCc2ccccc12",
"COC1=CC(=O)OC1(O)C(C)=C",
"C[C@@H]1O[C@H](C[C@H](N)[C@@H]1O)O[C@H]1C[C@@](O)(Cc2c(O)c3C(=O)c4ccccc4C(=O)c3c(O)c12)C(C)=O",
"CN(C)[C@H]1[C@@H]2C[C@H]3C(=C(O)[C@]2(O)C(=O)C(C(N)=O)=C1O)C(=O)c1c(O)ccc(Cl)c1[C@@]3(C)O",
"CN(C)CCCC1(OCc2cc(ccc12)C#N)c1ccc(F)cc1",
"CC1(COc2ccc(CC3SC(=O)NC3=O)cc2)CCCCC1",
"COc1cc(\\C=C\\C(O)=O)ccc1O",
"Cc1[nH]cnc1CN1CCc2c(C1=O)c1ccccc1n2C",
"OC(CNC1CCN(CC1)c1ncnc2scc(-c3ccccc3)c12)COc1cccc(c1)C#N","42.0"
"OC(CNC1CCN(CC1)c1ncnc2scc(-c3ccccc3)c12)COc1ccc(F)cc1","55.0"
"Cc1cccc(Nc2ccccc2C(O)=O)c1C",
"NC(=O)C1CCN(CCCN2c3ccccc3Sc3ccc(Cl)cc23)CC1",
"OC(=O)Cc1ccc(cc1)-c1ccccc1",
"C[C@H](Cc1cccc(N)c1)NC[C@H](O)c1cc(O)cc(O)c1","1864.0"
"CCOC(=O)c1ncn-2c1CN(C)C(=O)c1cc(F)ccc-21",
"CN(C)CCC=C1c2ccccc2CCc2ccccc12",
"OC[C@@H]1CC[C@@H](O1)n1cnc2c1nc[nH]c2=O",
"CCCCC1CCN(CCCN2C(=O)CCc3ccccc23)CC1","43651.58"
"CC(C)c1ccccc1OCC(O)CN1CCN(CCN2C(=O)c3cccc4cccc(C2=O)c34)CC1","70.0"
"OC(=O)CCCC[C@@H]1CCSS1",
"CC(C)(C)c1ccc(cc1)S(=O)(=O)\\C=C\\C#N",
"CCCCN1CCCC[C@H]1C(=O)Nc1c(C)cccc1C",
"CC1=NN(C(=O)C1)c1ccccc1",
"OC(=O)CC(O)(CC(O)=O)C(O)=O",
"Clc1ccc2Oc3ccccc3N=C(N3CCNCC3)c2c1",
"O=C1CCc2cc(OCCCCc3nnnn3C3CCCCC3)ccc2N1",
"CC(C)N[C@@H]1CCn2c3c(cccc3[nH]c2=O)[C@H]1O","320.0"
"NC[C@H]1O[C@H](O[C@@H]2[C@@H](N)C[C@@H](N)[C@H](O[C@H]3O[C@H](CO)[C@@H](O)[C@H](N)[C@H]3O)[C@H]2O)[C@H](N)C[C@@H]1O",
"COc1ccc2cc(CCC(C)=O)ccc2c1",
"Cl.CCCNCC(O)COc1ccc(cc1)C(=O)NCCc1ccc(cc1)S(N)(=O)=O","100000.0"
"O[C@@H](CN[C@@H](Cc1ccccc1)C(=O)NC1CCCCC1)c1ccc(O)c2[nH]c(=O)sc12","1000.0"
"O[C@@H](CNCCSc1ccc(Cl)cc1)c1ccc(O)c2[nH]c(=O)sc12","3.0"
"COC(=O)CSCCCc1ccccc1OCC(O)CNC(C)C","15.0"
"CCS(=O)(=O)CCn1c(C)ncc1[N+]([O-])=O",
"OC(CNC1CCN(CC1)c1ncnc2sccc12)COc1ccc(O)cc1","589.0"
"OC(COc1ccccc1CC=C)CN1CCC(CN2C(=O)c3cccc4cc(O)cc(C2=O)c34)CC1","135.0"
"OCc1cc(ccc1O)C(O)CNCCCCCCOCCCCc1ccccc1","3.2"
"COc1ccc(CC(C)NCC(O)c2ccc(O)c(NC=O)c2)cc1","2.6"
"OCc1ccc(OCC(O)CNC2CCN(CC2)c2ncnc3scc(-c4ccccc4)c23)cc1O","259.0"
"Fc1ccc(cc1)C(N1CCN(C\\C=C\\c2ccccc2)CC1)c1ccc(F)cc1",
"CN1[C@H]2CC[C@@H]1C[C@@H](C2)OC(=O)C(CO)c1ccccc1",
"OC(=O)C=CC(O)=O.Nc1nc(N)nc(n1)-c1cc(Cl)ccc1Cl",
"COc1cccc2c(C[C@@H](C)NC[C@H](O)c3cccc(NS(=O)(=O)c4cccs4)c3)c[nH]c12","25.0"
"CO[C@@H]1C[C@H](C[C@@H](C)[C@@H]2CC(=O)[C@H](C)C=C(C)[C@@H](O)[C@@H](OC)C(=O)[C@H](C)C[C@H](C)\\C=C\\C=C\\C=C(C)\\[C@H](C[C@@H]3CC[C@@H](C)[C@@](O)(O3)C(=O)C(=O)N3CCCC[C@H]3C(=O)O2)OC)CC[C@H]1O",
"Nc1nc(Cl)nc2n(cnc12)[C@H]1C[C@H](O)[C@@H](CO)O1",
"CC(C)(S)[C@@H](N)C(O)=O",
"Fc1ccc(Sc2ccc3c(-c4c(Cl)cccc4Cl)c(=O)ncn3n2)c(F)c1",
"O[C@@H](CNCC12CC3CC(CC(C3)C1)C2)c1ccc(O)c2[nH]c(=O)sc12","26.5"
"Nc1c(CC(O)=O)cccc1C(=O)c1ccc(Br)cc1",
"CC(COc1ccc2OCC(=O)Nc2c1)NCC(O)COc1cccc2[nH]ccc12","19.95"
"OC[C@H](O)[C@H]1OC(=O)C(O)=C1O",
"COc1c(C)c2COC(=O)c2c(O)c1CC=C(C)CCC(=O)OCCN1CCOCC1",
"CS(=O)(=O)Nc1cc(ccc1O)[C@@H](O)CNC1CCN(CC1)c1ccc(Cn2oc(=O)[nH]c2=O)cc1","74000.0"
"Cc1ocnc1-c1ccc(OCCNC[C@H](O)c2cccnc2)cc1",
"O[C@@H](CNCCOc1ccc(cc1)-c1csc(n1)C1CCCC1)c1cccnc1",
"O[C@@H](CNC1CCCC1C1CCCCC1)c1ccc(O)c2[nH]c(=O)sc12","4.0"
"O[C@@H](CNC1CCN(CCN2CCCCCC2)CC1)c1ccc(O)c2[nH]c(=O)sc12","6.3"
"O[C@@H](CNCCOc1ccccc1)c1ccc(O)c2[nH]c(=O)sc12","4.4"
"Nc1c(I)cc(CC2NCCc3cc(O)c(O)cc23)cc1I","1.549"
"COC(=O)CCCCCN1CCC(CNC(=O)c2c3OCCCn3c3ccccc23)CC1","10000.0"
"CCc1cc2CC(Cc2cc1CC)NC[C@H](O)c1ccc(O[C@@H]2O[C@@H]([C@@H](O)[C@H](O)[C@H]2O)C(O)=O)c2[nH]c(=O)ccc12","10000.0"
"CCN(CC)CCCC(C)Nc1c2ccc(Cl)cc2nc2ccc(OC)cc12",
"OCc1cc(ccc1O)C(O)CNCCc1ccc(Nc2ccc(Oc3ccccc3)cc2)cc1","316.23"
"COc1ccc(cc1OC)[C@H](CCc1ccccc1Cl)NC[C@H](O)Cc1ccc(O)c(NS(C)(=O)=O)c1","57.0"
"COc1ccc(CN2CCN(CC2)c2ccc(CCNCC(O)c3ccc(O)c(CO)c3)cc2)cc1","10000.0"
"COc1cccc(Nc2ccc(CCNCC(O)c3ccc(O)c(CO)c3)cc2)c1","630.96"
"OCc1cc(ccc1O)C(O)CNCCc1ccc(Nc2ccc(F)cc2)cc1","1258.93"
"CN(C1CCCCC1)C(=O)CCCOc1ccc2[nH]c(=O)ccc2c1",
"COc1cc(NC(C)CCCN)c2ncccc2c1",
"CC(=O)[C@H]1CC[C@H]2[C@@H]3CCC4=CC(=O)CC[C@]4(C)[C@H]3CC[C@]12C",
"COc1cc(CCNCCc2ccc(O)c3NC(=O)COc23)ccc1OCCCc1ccccc1","2.8"
"CCC(NC(C)C)C(O)c1ccc(O)c2[nH]c(=O)ccc12","33.0"
"NC[C@H](O)c1ccc(O)c(O)c1","378000.0"
"CCCN[C@H]1CCc2nc(N)sc2C1","100000.0"
"C[C@H](Cc1c[nH]c2c(cccc12)S(C)(=O)=O)NC[C@H](O)c1cccc(NS(=O)(=O)c2cccc(N)c2)c1","20.0"
"[Cl-].C[N+](C)(C)CCOC(N)=O",
"NC[C@H](O)c1ccc(O)c(O)c1","191000.0"
"Cc1csc2ncnc(N3CCC(CC3)NCC(O)COc3ccc(O)cc3)c12","2600.0"
"OC(CNC1CCN(CC1)c1ncnc2scc(-c3cccs3)c12)COc1ccc(O)cc1","28.0"
"Fc1ccccc1C(=O)N1CCC(Cc2ccccc2)CC1",
"OC(COc1cccc2[nH]c3ccccc3c12)CN1CCC(Cc2cccnc2)CC1","0.1"
"Cl.CCCCN1CCCCC1C(=O)Nc1c(C)cccc1C",
"COc1ccc2n(C(=O)c3ccc(Cl)cc3)c(C)c(CC(O)=O)c2c1",
"Cc1cccc(Nc2cc(Cl)nc(SCC(O)=O)n2)c1C",
"C[C@@H](Cc1ccccc1)NC[C@@H](O)c1cc(O)cc(O)c1","28624.0"
"COCCOC(=O)C1=C(C)NC(C)=C(C1c1cccc(c1)[N+]([O-])=O)C(=O)OC(C)C",
"Oc1ccc2C[C@H]3N(CC=C)CC[C@@]45[C@@H](Oc1c24)C(=O)CC[C@@]35O",
"CCn1cc(C(O)=O)c(=O)c2cc(F)c(cc12)N1CCNCC1",
"CC1(C)[C@@H]2CC[C@]1(C)[C@H](C2)NC[C@H](O)c1ccc(O)c2[nH]c(=O)sc12","40.4"
"CS(=O)(=O)Nc1cc(C[C@H](O)CN[C@H](Cc2ccccc2)c2ccc(Cl)c(Cl)c2)ccc1O","38.0"
"OC(COc1cccc2[nH]ccc12)CN1CCC(CN2C(=O)c3cccc4cccc(C2=O)c34)CC1","120.0"
"CC(C)c1ccc(C)cc1OCC(O)CN1CCC(CN2C(=O)c3cccc4cccc(C2=O)c34)CC1","80.0"
"CO[C@H]1[C@H](O)CC(=O)O[C@H](C)C\\C=C\\C=C\\[C@H](O)[C@H](C)C[C@H](CC=O)[C@@H]1O[C@@H]1O[C@H](C)[C@@H](O[C@H]2C[C@@](C)(O)[C@@H](OC(=O)CC(C)C)[C@H](C)O2)[C@@H]([C@H]1O)N(C)C",
"Oc1c(Br)cc(Br)cc1C(=O)Nc1ccc(Br)cc1",
"ClC(Cl)C(c1ccc(Cl)cc1)c1ccccc1Cl",
"C[C@H](Cc1ccccc1)NC[C@@H](O)c1cc(O)cc(O)c1","22908.68"
"C[C@H](Cc1ccccc1)NC[C@H](O)c1cc(O)cc(O)c1","2930.0"
"CC[C@@H](Cc1ccc(O)cc1)NC[C@H](O)c1cc(O)cc(O)c1","5760.0"
"OC(COc1cccc2[nH]c3ccccc3c12)CN1CCC(CN2C(=O)c3cccc4cc(O)cc(C2=O)c34)CC1","37.0"
"CCC[C@H](Cc1ccc(OC)cc1)NC[C@H](O)c1cc(O)cc(O)c1","250.03"
"CC[C@@H](Cc1ccc(OC)cc1)NC[C@H](O)c1cc(O)cc(O)c1","4295.36"
"C[C@H](Cc1ncc(CCC(O)=O)s1)NCC(O)c1cccc(Cl)c1","11400.0"
"OC(COc1ccccc1CC=C)CN1CCOCC1","7.0"
"OC(COc1cccc2[nH]c3ccccc3c12)CN1CCC(CC1)C(=O)c1ccccc1","0.2"
"C[C@@H](Cc1ccc(O)cc1)NC[C@H](O)c1cc(O)cc(O)c1","183.0"
"O[C@@H](CNCCc1ccc(NC[C@H](O)c2ccccc2)cc1)c1ccc(O)c(NC=O)c1","3.162"
"COc1ccc(C[C@H](NC[C@H](O)c2cc(O)cc(O)c2)C(C)C)cc1","100000.0"
"CNC(=O)c1cccc(OCC(O)CNC2CCN(CC2)c2ncnc3scc(-c4ccccc4)c23)c1","370.0"
"CN1CCc2c(C1)c1cccc3-c4ccccc4CCn2c13","10000.0"
"OC(CNC1CCN(CC1)c1ncnc2scc(-c3cccs3)c12)COc1ccccc1","4.0"
"CCc1cc(OCC(O)CNC2CCN(CC2)c2ncnc3scc(-c4ccccc4)c23)ccc1O","11.0"
"OCc1cc(O)ccc1OCC(O)CNC1CCN(CC1)c1ncnc2scc(-c3ccccc3)c12","25.0"
"COc1ccc(cc1OC)[C@H](CCc1ccc(Cl)cc1)NC[C@H](O)Cc1ccc(O)c(NS(C)(=O)=O)c1","120.0"
"Cc1ccccc1C(=O)N1CCC(Cc2ccccc2)CC1",
"Oc1ccc2C[C@H]3N(CC=C)CC[C@@]45[C@@H](Oc1c24)C(CC[C@@]35O)=N\\N=C1/CC[C@@]2(O)[C@H]3Cc4ccc(O)c5O[C@@H]1[C@]2(CCN3CC=C)c45",
"CC(C)[C@H](N)C(=O)OCCOCn1cnc2c1[nH]c(N)nc2=O",
"OC(CNCCCCCCCCCN1CCC(CC1)OC(=O)Nc1ccccc1-c1ccccc1)c1ccc(O)c2[nH]c(=O)ccc12","13.0"
"S=C=Nc1cccc2ccccc12",
"COc1cc(CCNC[C@@H](O)c2ccc(O)c3[nH]c(=O)ccc23)ccc1OCCCc1ccccc1","23.0"
"COc1ccccc1OCCNC[C@H](O)COc1cccc2[nH]c3ccccc3c12","0.034"
"CC(C(O)=O)c1ccc(c(F)c1)-c1ccccc1",
"CC(C)[C@H]1NC(=O)[C@@H](NC(=O)c2ccc(C)c3oc-4c(C)c(=O)c(N)c(C(=O)N[C@H]5[C@@H](C)OC(=O)[C@H](C(C)C)N(C)C(=O)CN(C)C(=O)[C@@H]6CCCN6C(=O)[C@H](NC5=O)C(C)C)c-4nc23)[C@@H](C)OC(=O)[C@H](C(C)C)N(C)C(=O)CN(C)C(=O)[C@@H]2CCCN2C1=O",
"C[C@]12C[C@H](O)[C@@]3(F)[C@@H](CCC4=CC(=O)C=C[C@]34C)[C@@H]1C[C@@H](O)[C@]2(O)C(=O)CO",
"CC[C@@H](CO)NC(=O)[C@H]1CN(C)[C@@H]2Cc3cn(C)c4cccc(C2=C1)c34",
"C[C@H](Cc1ccccc1)NC[C@H](O)c1cc(O)cc(O)c1","2951.21"
"CC(C)(C)NC[C@H](O)c1ccc(O)c(CO)c1","4677.0"
"COc1ccc(C[C@H](C)NC[C@@H](O)c2cc(O)cc(O)c2)cc1","15848.93"
"CCc1nc(co1)-c1ccc(OCCNC[C@H](O)c2cccnc2)cc1","37.0"
"CC(C)c1nc(co1)-c1ccc(OCCNC[C@H](O)c2cccnc2)cc1","49.0"
"CC(COc1ccc2OCC(=O)Nc2c1)NCC(O)COc1cccc2[nH]ccc12","1.585"
"CCOC(=O)N1CCN(CCn2c(=O)[nH]c3c4ccccc4[nH]c3c2=O)CC1",
"Nc1ccc(Cc2ccc(N)cc2)cc1",
"CC(C)c1ccccc1OCC(O)CN1CCC(CN2C(=O)c3cccc4cccc(C2=O)c34)CC1","230.0"
"CCc1nc(cs1)-c1ccc(OCCNC[C@H](O)c2cccnc2)cc1",
"NC(=N)NC(=O)Cc1c(Cl)cccc1Cl",
"COc1ccc(cc1)C(=O)C1CCN(CC(O)COc2cccc3[nH]c4ccccc4c23)CC1","0.2"
"NC[C@H](O)c1ccc(O)c(O)c1F","5446000.0"
"CCC1(C)CC(=O)NC1=O",
"C[C@@H](Cc1ccc(O)cc1)NC[C@@H](O)c1cc(O)cc(O)c1","3372.87"
"O[C@@H](CNCCOc1ccc(cc1)-c1cscn1)c1cccnc1","10.0"
"N[C@@H](Cc1ccc(O)c(O)c1)C(O)=O",
"CC[C@H]([C@H]1CC[C@H](C)[C@@H](O1)[C@@H](C)[C@H](O)[C@H](C)C(=O)[C@H](CC)[C@H]1O[C@@]2(O[C@@]3(CC[C@](C)(O3)[C@H]3CC[C@](O)(CC)[C@H](C)O3)[C@H](O)C=C2)[C@H](C)C[C@@H]1C)C(O)=O",
"O[C@@H](CNCCOc1ccc(cc1)-c1cocn1)c1cccnc1","10.0"
"O[C@@H](CNCCOc1ccc(cc1)-c1csc(n1)C(F)(F)F)c1cccnc1",
"CC1(C)[C@H](CC[C@@]2(C)[C@H]1CC[C@]1(C)[C@@H]2C(=O)C=C2[C@@H]3C[C@](C)(CC[C@]3(C)CC[C@@]12C)C(O)=O)O[C@H]1O[C@@H]([C@@H](O)[C@H](O)[C@H]1O[C@@H]1O[C@@H]([C@@H](O)[C@H](O)[C@H]1O)C(O)=O)C(O)=O",
"CN(N=O)C(=O)N[C@H]1C(O)O[C@H](CO)[C@@H](O)[C@@H]1O",
"COc1ccc(OCC(O)CNC2CCN(CC2)c2ncnc3scc(-c4ccccc4)c23)cc1","700.0"
"CCc1c2Cn3c(cc4c(COC(=O)[C@]4(O)CC)c3=O)-c2nc2ccc(OC(=O)N3CCC(CC3)N3CCCCC3)cc12",
"CCCCOc1ccc(C[C@@H](C)NC[C@H](O)c2cc(Br)no2)cc1","15.5"
"COc1ccc(cc1OC)[C@H](CCc1ccccc1)NC[C@H](O)Cc1ccc(O)c(NS(C)(=O)=O)c1","390.0"
"O[C@H](CNCCc1ccccc1)c1cc(O)cc(O)c1","20417.38"
"O[C@H](CNCCc1ccccc1)c1cc(O)cc(O)c1","20600.0"
"COc1nc(C)nc(Cl)c1NC1=NCCN1",
"CCCC[C@H](C)NC[C@H](O)c1cc(O)cc(O)c1","31400.0"
"CCN(CC)C(=O)N[C@@H]1CN(C)[C@@H]2Cc3c[nH]c4cccc(C2=C1)c34","29.0"
"C[C@H]1C[C@H]2[C@@H]3CC[C@](O)(C(=O)CO)[C@@]3(C)C[C@H](O)[C@@H]2[C@@]2(C)C=CC(=O)C=C12",
"Cc1cc(Oc2nccc3occc23)ccc1-c1c(C)ncc2nccn12","9300.0"
"C[C@H](Cc1ccc(O)cc1)NC[C@H](O)c1cc(O)cc(O)c1","3.999"
"CCN1CCN(CC1)c1cc2n(cc(C(O)=O)c(=O)c2cc1F)C1CC1",
"COc1cccc2[C@@H]3CN(CCn4c(=O)[nH]c5c6ncccc6sc5c4=O)C[C@@H]3CCc12","3870.0"
"CCOC(=O)c1ccc(N)cc1",
"CCOC(=O)C1=C(C)NC(C)=C(C1c1cccc(c1)[N+]([O-])=O)C(=O)OC",
"CCCC[C@H](CC)COC(=O)c1ccccc1C(=O)OC[C@H](CC)CCCC",
"CC(C)(C)NCC(O)c1ccc(O)c(CO)c1","557.0"
"CO[C@H]1C[C@H](O[C@H]2[C@H](C)O[C@H](C[C@@H]2OC)O[C@H]2[C@@H](C)C=CC=C3CO[C@@H]4[C@H](O)C(C)=C[C@@H](C(=O)O[C@H]5C[C@@H](C\\C=C2/C)O[C@@]2(C5)O[C@H](C(C)C)[C@@H](C)C=C2)[C@]34O)O[C@@H](C)[C@@H]1O.CC[C@H](C)[C@H]1O[C@@]2(C[C@@H]3C[C@@H](CC=C(C)[C@@H](O[C@H]4C[C@H](OC)[C@@H](O[C@H]5C[C@H](OC)[C@@H](O)[C@H](C)O5)[C@H](C)O4)[C@@H](C)\\C=C\\C=C4CO[C@@H]5[C@H](O)C(C)=C[C@@H](C(=O)O3)[C@]45O)O2)C=C[C@@H]1C",
"NC[C@H](O)c1ccc(O)c(O)c1F","70100.0"
"C[C@H](Cc1ncc(CCCC(O)=O)s1)NC[C@H](O)COc1ccccc1","1600.0"
"O[C@@H](CNC1CCCCCC1)c1ccc(O)c2[nH]c(=O)sc12","11.8"
"CC[C@]12CC[C@H]3[C@@H](CCC4=CC(=O)CC[C@H]34)[C@@H]1CCC2(O)C#C",
"C[C@]12CC[C@H]3[C@@H](CC[C@H]4C[C@H](O)CC[C@]34C)[C@@H]1CCC2=O",
"COc1cc(CCNC[C@H](O)c2ccc(O)c3NC(=O)COc23)ccc1OCCCc1ccccc1","0.25"
"COc1ccccc1OCCNCC(O)COc1cccc2[nH]c3ccccc3c12",
"O[C@@H](CNCCCc1ccccc1)c1ccc(O)c2[nH]c(=O)sc12","1.2"
"NC(=O)c1ncn(n1)[C@@H]1O[C@H](CO)[C@@H](O)[C@H]1O",
"CO[C@H]1C=CO[C@@]2(C)Oc3c(C2=O)c2C4=NC5(CCN(CC(C)C)CC5)NC4=C(NC(=O)C(C)=CC=C[C@H](C)[C@H](O)[C@@H](C)[C@@H](O)[C@@H](C)[C@H](OC(C)=O)[C@@H]1C)C(=O)c2c(O)c3C",
"CN1[C@H]2CC[C@@H]1C[C@@H](C2)OC(c1ccccc1)c1ccccc1",
"[I-].[I-].[I-].CC[N+](CC)(CC)CCOc1cccc(OCC[N+](CC)(CC)CC)c1OCC[N+](CC)(CC)CC",
"C[C@]12CC[C@H]3[C@@H](CCc4cc(O)ccc34)[C@@H]1CC[C@@H]2O",
"C[C@]12CC[C@H]3[C@@H](CCC4=CC(=O)CC[C@H]34)[C@@H]1CC[C@@]2(O)C#C",
"C(C=Cc1ccccc1)N1CCN(CC1)C(c1ccccc1)c1ccccc1",
"CC(C)NC[C@H](O)COc1ccccc1CCNC(=O)NCCc1ccccc1OC[C@@H](O)CNC(C)C","3.467"
"CC(C=C1SC(=S)N(CC(O)=O)C1=O)=Cc1ccccc1",
"CC(C)C(=O)Nc1ccc(c(c1)C(F)(F)F)[N+]([O-])=O",
"CC(C)NCC(O)COc1ccccc1CC=C","1.202"
"CC(C)NC[C@H](O)COc1ccccc1CCCCCCCCc1ccccc1OC[C@@H](O)CNC(C)C","0.7943"
"NS(=O)(=O)c1cc2c(NCNS2(=O)=O)cc1Cl",
"CC(=O)O[C@@]1(CC[C@H]2[C@@H]3C=C(Cl)C4=CC(=O)[C@@H]5C[C@@H]5[C@]4(C)[C@H]3CC[C@]12C)C(C)=O",
"CC(C)C[C@@H]1N2C(=O)[C@](NC(=O)[C@H]3CN(C)[C@@H]4Cc5c(Br)[nH]c6cccc(C4=C3)c56)(O[C@@]2(O)[C@@H]2CCCN2C1=O)C(C)C",
"CCCN(CCC)C(=O)C(CCC(O)=O)NC(=O)c1ccccc1",
"CO[C@H]1C[C@H](O[C@H]2[C@H](C)O[C@H](C[C@@H]2OC)O[C@H]2[C@@H](C)C=CC=C3CO[C@@H]4[C@H](O)C(C)=C[C@@H](C(=O)O[C@H]5C[C@@H](C\\C=C2/C)O[C@@]2(CC[C@H](C)[C@H](O2)C(C)C)C5)[C@]34O)O[C@@H](C)[C@@H]1O.CC[C@H](C)[C@H]1O[C@]2(CC[C@@H]1C)C[C@@H]1C[C@@H](CC=C(C)[C@@H](O[C@H]3C[C@H](OC)[C@@H](O[C@H]4C[C@H](OC)[C@@H](O)[C@H](C)O4)[C@H](C)O3)[C@@H](C)\\C=C\\C=C3CO[C@@H]4[C@H](O)C(C)=C[C@@H](C(=O)O1)[C@]34O)O2",
"COc1cccc2C(=O)c3c(O)c4C[C@](O)(C[C@H](O[C@H]5C[C@H](N)[C@@H](O)[C@H](C)O5)c4c(O)c3C(=O)c12)C(=O)CO",
"Cn1cnc2n(C)c(=O)n(C)c(=O)c12",
"CCN[C@@H](C)Cc1cccc(c1)C(F)(F)F",
"CC12CCC(CC1)C(C)(C)O2",
"COc1cccc2C(=O)c3c(O)c4C[C@](O)(C[C@H](O[C@H]5C[C@H](N)[C@H](O)[C@H](C)O5)c4c(O)c3C(=O)c12)C(C)=O",
"O[C@@H](CNCCOc1ccc(OCC(O)=O)cc1)COc1ccccc1","2350.0"
"NNc1nncc2ccccc12",
"Clc1ccccc1N1CCN(CCn2c(=O)[nH]c3c4ccccc4[nH]c3c2=O)CC1","100000.0"
"OC(=O)CCCc1cccs1",
"OCCN(CCO)c1nc(N2CCCCC2)c2nc(nc(N3CCCCC3)c2n1)N(CCO)CCO",
"CC(C(O)=O)c1ccc2oc(nc2c1)-c1ccc(Cl)cc1",
"CC(=O)N1CCN(CC1)c1ccc(OCC2COC(Cn3ccnc3)(O2)c2ccc(Cl)cc2Cl)cc1",
"CCCCN(CCCC)CCNC[C@H](O)c1ccc(O)c2[nH]c(=O)sc12","18.3"
"Cc1oncc1C(=O)Nc1ccc(cc1)C(F)(F)F",
"CC1(C)[C@@H]2CC[C@@]1(C)[C@H](C2)NC[C@H](O)c1ccc(O)c2[nH]c(=O)sc12","3.8"
"CC(C)Cc1ccc(cc1)[C@H](C)C(O)=O",
"COc1cc(CC2NCCc3nc(N)sc23)cc(OC)c1OC","616.6"
"NNc1ccccc1",
"Clc1ccc(cc1)C(=O)NCCN1CCOCC1",
"Nc1cc(nc(N)[n+]1[O-])N1CCCCC1",
"C[C@@H](NC[C@H](O)c1ccc(O)c2[nH]c(=O)sc12)C1CCCCC1","1.0"
"NC(=O)c1ccccc1O",
"OC1N=C(c2ccccc2Cl)c2cc(Cl)ccc2NC1=O",
"O[C@@H](CNCCCCc1ccccc1)c1ccc(O)c2[nH]c(=O)sc12","1.8"
"OC(=O)CCNC(=O)c1ccc(cc1)\\N=N\\c1ccc(O)c(c1)C(O)=O",
"COc1ccc(CC(C)NCC(O)c2ccc(O)c(NC=O)c2)cc1","31.62"
"COC(=O)C[C@](O)(CCC(C)(C)O)C(=O)O[C@H]1[C@H]2c3cc4OCOc4cc3CCN3CCC[C@]23C=C1OC",
"Oc1c(Cl)cc(Cl)c(Cl)c1Cc1c(O)c(Cl)cc(Cl)c1Cl",
"CCCCCCCCCc1ccc(O)cc1",
"CC(C)Cn1cnc2c(N)nc3ccccc3c12",
"CN[C@@H]1[C@@H](O)[C@@H](O[C@H]2[C@H](N)C[C@H](N)[C@@H](O[C@H]3O[C@H](CN)CC[C@H]3N)[C@@H]2O)OC[C@]1(C)O.CN[C@@H]1[C@@H](O)[C@@H](O[C@H]2[C@H](N)C[C@H](N)[C@@H](O[C@H]3O[C@@H](CC[C@H]3N)C(C)N)[C@@H]2O)OC[C@]1(C)O.CNC(C)[C@@H]1CC[C@@H](N)[C@@H](O[C@@H]2[C@@H](N)C[C@@H](N)[C@H](O[C@H]3OC[C@](C)(O)[C@H](NC)[C@H]3O)[C@H]2O)O1",
"OC(=O)c1ccccc1OC(=O)c1ccccc1O",
"CCCCc1cc2CC(Cc2cc1CCCC)NC[C@H](O)c1ccc(O)c2[nH]c(=O)ccc12","112.0"
"CC(C)NC[C@@H](O)COc1ccccc1CC=C","18.2"
"CC1=NCCc2c1[nH]c1ccccc21",
"CS(=O)(=O)Nc1cc(ccc1O)[C@@H](O)CNC1CCN(CC1)c1ccc(CC2SC(=O)N(CC(O)=O)C2=O)cc1","2100.0"
"C[C@@H](Cc1cccc2ccccc12)NC[C@H](O)c1cc(O)cc(O)c1","340.0"
"C[C@H](Cc1ccc(OCCO)cc1)NC[C@H](O)c1cccc(Cl)c1","260.0"
"CC(COc1ccc2OCC(=O)Nc2c1)NCC(O)COc1cccc2[nH]ccc12","19.95"
"COc1ccc(Cc2nccc3cc(OC)c(OC)cc23)cc1OC",
"COc1cc(CCNC[C@H](O)COc2ccc(cc2)-c2nc(cn2C)C(F)(F)F)ccc1OCCSSCCN","2200.0"
"COc1ccc(CC(C)NCC(O)c2ccc(O)c(NC=O)c2)cc1","23.0"
"C[C@H]1C[C@H]2[C@@H]3C[C@H](F)C4=CC(=O)C=C[C@]4(C)[C@@]3(F)[C@@H](O)C[C@]2(C)[C@@]1(OC(C)=O)C(=O)COC(C)=O",
"COCCc1ccc(OC[C@H](O)CNCCc2ccc(OCCSSCCN)c(OC)c2)cc1","1300.0"
"COc1cc(CCNCCc2ccc(O)c3[nH]c(=O)ccc23)ccc1OCCCc1ccccc1","6.3"
"O[C@@H](CN[C@@H]1CCCC[C@H]1OCc1ccccc1)c1ccc(O)c2[nH]c(=O)sc12","7.2"
"COc1ccc(C[C@@H](C)NC[C@H](O)c2ccc(O)c3[nH]c(=O)ccc23)cc1","3.19"
"CCOC(=O)C1Oc2cccc(OCC(O)CNC(C)C)c2C1C","9.0"
"OC[C@H]1O[C@@H]2O[C@@H]3[C@@H](CO)O[C@H](O[C@@H]4[C@@H](CO)O[C@H](O[C@@H]5[C@@H](CO)O[C@H](O[C@@H]6[C@@H](CO)O[C@H](O[C@@H]7[C@@H](CO)O[C@H](O[C@@H]8[C@@H](CO)O[C@H](O[C@H]1[C@H](O)[C@H]2O)[C@H](O)[C@H]8O)[C@H](O)[C@H]7O)[C@H](O)[C@H]6O)[C@H](O)[C@H]5O)[C@H](O)[C@H]4O)[C@H](O)[C@H]3O",
"CCc1cccc2c3CCOC(CC)(CC(O)=O)c3[nH]c12",
"Cc1cc2CC(Cc2cc1C)NC[C@H](O)c1ccc(O)c2[nH]c(=O)ccc12","522.0"
"CCCN(CC[C@]1(O)C[C@@H](C1)NC(=O)c1ccc2ccccc2c1)[C@H]1CCc2nc(N)sc2C1",
"C[C@H](Cc1ccc(OCC(N)=O)cc1)NC[C@H](O)c1cccc(Cl)c1","170.0"
"OCc1cc(ccc1O)C(O)CNCCCCCCCCCCCc1ccccc1","220.0"
"Oc1ccccc1",
"CCCCc1cccc(CCNC[C@H](O)c2ccc(O)c3[nH]c(=O)sc23)c1","1.4"
"Nc1nc(N)c2nc(c(N)nc2n1)-c1ccccc1",
"CNCc1ccc(cc1)-c1nccs1","33500.0"
"Oc1ccc(C=C(C#N)C#N)cc1O",
"C[C@H](NC[C@H](O)c1ccc(O)c2[nH]c(=O)sc12)c1ccc2ccccc2c1","48.9"
"O[C@@H](CN[C@@H]1CCC[C@H]1C1CCCC1)c1ccc(O)c2[nH]c(=O)sc12","0.8"
"COc1cc2C(=O)N(CC3CCN(CC(O)COc4ccccc4C(C)C)CC3)C(=O)c3cccc(c1)c23","38.0"
"CCc1cc2CC(Cc2cc1CC)NCCc1ccc(O)c2[nH]c(=O)ccc12","261.0"
"N[C@@H](Cc1ccc(cc1)N(CCCl)CCCl)C(O)=O",
"Nc1nc2ccc(OC(F)(F)F)cc2s1",
"CC(C)(C)NC(=O)[C@@H]1C[C@@H]2CCCC[C@@H]2CN1C[C@@H](O)[C@H](Cc1ccccc1)NC(=O)[C@H](CC(N)=O)NC(=O)c1ccc2ccccc2n1",
"NC[C@H](O)c1ccc(O)c(O)c1","96700.0"
"CCCc1nn(C)c2c1nc([nH]c2=O)-c1cc(ccc1OCC)S(=O)(=O)N1CCN(C)CC1",
"Nc1c2CCCCc2nc2ccccc12",
"CCOC(=O)C(C)(C)Oc1ccc(Cl)cc1",
"COC(=O)[C@@H](N1CCc2sccc2C1)c1ccccc1Cl",
"[Br-].CC[N+]1(CCOC(=O)C(O)(c2ccccc2)c2ccccc2)CCCCC1",
"C[C@@H]1C[C@@H](C)N1C(=O)[C@H]1CN(C)C2Cc3c[nH]c4cccc(C2=C1)c34",
"Nc1nnc(c(N)n1)-c1cccc(Cl)c1Cl",
"Cc1c[nH]c2cccc(OCC(O)CN3CCN(CC3)C(c3ccccc3)c3ccccc3)c12","0.3"
"OC(CNCC(=O)N1CCCC1C#N)COc1ccccc1","22000.0"
"CC(CC(F)(F)F)NCc1ccc(cc1)-c1nccs1","393000.0"
"CC(C)c1ccccc1OCC(O)CN1CCC(CN2C(=O)CCCC2=O)CC1","9.0"
"CC(C)(N)COc1ccc(Nc2ccc(CCNC[C@H](O)c3ccc(O)c(NC=O)c3)cc2)cc1","25.12"
"[Cl-].[Cl-].C[N+](C)(C)CCOC(=O)CCC(=O)OCC[N+](C)(C)C",
"CN(C)[C@H]1[C@@H]2C[C@H]3C(=C(O)[C@]2(O)C(=O)C(C(N)=O)=C1O)C(=O)c1c(O)cccc1[C@@]3(C)O",
"O=c1cc(oc2c(cccc12)-c1ccccc1)N1CCOCC1",
"CNC1=Nc2ccc(Cl)cc2C(c2ccccc2)=[N+]([O-])C1",
"CC(O)(P(O)(O)=O)P(O)(O)=O",
"COc1ccccc1OCC(O)CO",
"OC(=O)CNCP(O)(O)=O",
"O[C@@H](CN[C@H]1CCCC[C@@H]1OCc1ccccc1)c1ccc(O)c2[nH]c(=O)sc12","362.0"
"CN1C(=O)COc2c1cc(Cl)cc2C(=O)NC1CN2CCC1CC2",
"CC(=O)OC[C@H]1O[C@H]([C@H](OC(C)=O)[C@@H]1OC(C)=O)n1ncc(=O)[nH]c1=O",
"COc1ccc(CN2C3CCC2CC3)cc1OC",
"CCN(CC)N=O",
"COc1ccc2[nH]c(nc2c1)[S+]([O-])Cc1ncc(C)c(OC)c1C",
"CSc1ccc(\\C=C2\\C(C)=C(CC(O)=O)c3cc(F)ccc23)cc1",
"OC(=O)c1cccnc1",
"CC1(C)[C@@H]2CC[C@@]1(C)C(=O)C2",
"CN1CCN(CC1)C1=Nc2cc(Cl)ccc2Nc2ccccc12",
"Nc1ncn([C@@H]2O[C@H](CO)[C@@H](O)[C@H]2O)c(=O)n1",
"CC(CCc1ccccc1)NCC(O)c1ccc(O)c(c1)C(N)=O","11.0"
"CN1CCN(CC1)c1ncnc2c3ccccc3oc12","10000.0"
"Oc1cc2CCNC(Cc3ccc(NC(=O)c4ccccc4)c(I)c3)c2cc1O","1.995"
"CCCCNc1ccc(cc1)C(=O)OCCN(C)C",
"NCC1(CC(O)=O)CCCCC1",
"[O-][N+](=O)c1ccc2NC(=O)CN=C(c3ccccc3Cl)c2c1",
"C[C@@H](Cc1ccc(N)cc1)NC[C@@H](O)c1cc(O)cc(O)c1","28800.0"
"CN1CCC(CC1)=C1c2ccccc2C=Cc2ccccc12",
"CC(=O)CCCCn1c(=O)n(C)c2ncn(C)c2c1=O",
"C[C@H]1C[C@H]2[C@@H]3CC[C@](O)(C(C)=O)[C@@]3(C)CC[C@@H]2[C@@]2(C)CCC(=O)C=C12",
"CC[C@H]1OC(=O)[C@H](C)[C@@H](O[C@H]2C[C@@](C)(OC)[C@@H](O)[C@H](C)O2)[C@H](C)[C@@H](O[C@@H]2O[C@H](C)C[C@@H]([C@H]2O)N(C)C)[C@](C)(O)C[C@@H](C)C(=NOCOCCOC)[C@H](C)[C@@H](O)[C@]1(C)O",
"CCOC(=O)COc1ccc(C[C@@H](C)NC[C@@H](O)c2cc(Br)no2)cc1","81.4"
"C[C@H](Cc1ccc(OCC(O)=O)cc1)NC[C@@H](O)c1cc(Br)no1","501.0"
"OC(COc1cccc2[nH]c3ccccc3c12)CN1CCC(CN2C(=O)c3cccc4cccc(C2=O)c34)CC1","3.0"
"CN1CCN(CC1)c1c(F)cc2c(c1F)n(CCF)cc(C(O)=O)c2=O",
"CN(C)CCN(Cc1cccs1)c1ccccn1",
"C[C@@H](Cc1cccc2ccccc12)NC[C@@H](O)c1cc(O)cc(O)c1","2511.89"
"C[C@H](Cc1cccc2ccccc12)NC[C@@H](O)c1cc(O)cc(O)c1","1780.0"
"C[C@H](Cc1ccc(N)cc1)NC[C@@H](O)c1cc(O)cc(O)c1","30800.0"
"OCc1cc(ccc1O)C(O)CNCCc1ccc(cc1)N1CCC(Cc2ccccc2)CC1","15848.93"
"CC(=O)N1CCN(CC1)c1ccc(CCNCC(O)c2ccc(O)c(CO)c2)cc1","10000.0"
"OCc1cc(ccc1O)C(O)CNCCc1ccc(Nc2ccc(cc2)-c2ccccc2)cc1","316.23"
"OCc1cc(ccc1O)C(O)CNCCc1ccc(Nc2ccc(O)cc2)cc1","1584.89"
"O[C@@H](CNCCc1ccc(COc2cccc(c2)[C@@H](NC(=O)O[C@H]2CN3CCC2CC3)c2ccccc2)cc1)c1ccc(O)c2[nH]c(=O)ccc12","0.2512"
"CC1(C)O[C@@H]2C[C@H]3[C@@H]4C[C@H](F)C5=CC(=O)C=C[C@]5(C)[C@H]4[C@@H](O)C[C@]3(C)[C@@]2(O1)C(=O)CO",
"COc1cc(OC)c2[C@@H]3CCN[C@]3(C)COc2c1","575.44"
"C[C@H](CS)C(=O)N1CCC[C@H]1C(O)=O",
"Cc1c2CC(Cc2c(C)c(C)c1C)NC[C@H](O)c1ccc(O)c2[nH]c(=O)ccc12","175.0"
"CCCC[C@@H](C)NC[C@@H](O)c1cc(O)cc(O)c1","100000.0"
"CN1C[C@@H](C[C@H]2[C@H]1Cc1c[nH]c3cccc2c13)C(=O)N[C@]1(C)O[C@@]2(O)[C@@H]3CCCN3C(=O)[C@H](Cc3ccccc3)N2C1=O",
"CC(=C)[C@@H]1[C@H]2OC(=O)[C@@H]1[C@]1(O)C[C@H]3O[C@]33C(=O)O[C@H]2[C@]13C",
"C[C@]1(O)CC[C@H]2[C@@H]3CCC4=CC(=O)CC[C@]4(C)[C@H]3CC[C@]12C",
"Oc1cc2CC[C@H]3NCc4ccccc4[C@@H]3c2cc1O","1200.0"
"COCCc1ccc(OCC(O)CNC(C)C)cc1","1769.0"
"C[C@H](Cc1ncc(CCCCC(O)=O)s1)NC[C@H](O)COc1ccccc1","150.0"
"CC(C)NCC(O)COc1ccc(CC(N)=O)cc1","10061.0"
"ClCC(Cl)Cl",
"COc1ccccc1OCCNCCCOc1cccc2[nH]c3ccccc3c12","5.4"
"Nc1nc(=O)[nH]cc1F",
"ClC(Cl)(Cl)Cl",
"O[C@@H](CNCCCCCCCCCN1CCC(CC1)OC(=O)Nc1ccccc1-c1ccccc1)c1ccc(O)c2[nH]c(=O)ccc12","3.5"
"Cl.CC(C)NCC(O)COc1ccc(cc1)C(=O)NCCc1ccc(cc1)S(N)(=O)=O","100000.0"
"Cl.CCC(C)NCC(O)COc1ccc(cc1)C(=O)NCCc1ccc(cc1)S(N)(=O)=O","100000.0"
"Cl.NS(=O)(=O)c1ccc(CCNC(=O)c2ccc(OCC(O)CNCCO)cc2)cc1","100000.0"
"CC(C)NCC(O)COc1cccc2ccccc12","1.738"
"O[C@@H](CNCCCCCCCCCN1CCC(CC1)OC(=O)Nc1ccccc1-c1ccccc1)c1ccc(O)c(NC=O)c1","21.0"
"C[N+]1(CCCCCCCCCNC[C@H](O)c2ccc(O)c3[nH]c(=O)ccc23)[C@@H]2C[C@H](C[C@@H]1[C@@H]1O[C@H]21)OC(=O)C(O)(c1cccs1)c1cccs1","36.0"
"CN1CCc2c(C1)c1cccc3CCc4ccccc4-n2c13","10000.0"
"Cc1cc(C)nc(NS(=O)(=O)c2ccc(N)cc2)n1",
"Cc1cc(c(O)c(C)c1CC1=NCCN1)C(C)(C)C",
"CC(O)Cn1c(C)ncc1[N+]([O-])=O",
"CC(=O)[C@H]1[C@@H](C[C@H]2[C@@H]3CC=C4C[C@@H](O)CC[C@]4(C)[C@H]3CC[C@]12C)C#N",
"COc1ccc(C[C@H](C)NC[C@H](O)c2cc(O)cc(O)c2)cc1","1930.0"
"COc1ccc(C[C@H](C)NC[C@H](O)c2cc(O)cc(O)c2)cc1","1949.84"
"C[C@@H](Cc1ccc(O)cc1)NC[C@@H](O)c1cc(O)cc(O)c1","27800.0"
"C[C@H](Cc1ccc(O)cc1)NC[C@@H](O)c1cc(O)cc(O)c1","10232.93"
"O[C@@H](CNCCc1ccccc1)c1cc(O)cc(O)c1","10471.29"
"CCCCN(C(=O)CC(O)=O)c1ccc(cc1)N1CCC(CC1)NC[C@H](O)c1ccc(O)c(NS(C)(=O)=O)c1","100000.0"
"OCC(NCc1ccc(cc1)-c1nccs1)c1ccco1","1000000.0"
"COc1ccc(C[C@H](N)C(=O)N[C@@H]2[C@@H](CO)O[C@H]([C@@H]2O)n2cnc3c(ncnc23)N(C)C)cc1",
"CCOC(=O)COc1ccc(C[C@@H](C)NC[C@H](O)c2cc(Br)no2)cc1","2.82"
"OC(=O)c1cccnc1Nc1cccc(c1)C(F)(F)F",
"CCC(=O)O[C@@]1([C@@H](C)C[C@H]2[C@@H]3CCC4=CC(=O)C=C[C@]4(C)[C@@]3(F)[C@@H](O)C[C@]12C)C(=O)CCl",
"CC[C@H](Cc1ccc(O)cc1)NC[C@H](O)c1cc(O)cc(O)c1","39.08"
"CC(C)C(Br)C(=O)NC(N)=O",
"Cc1ccc2c(OCCN3CCC(Cc4cccc(NS(C)(=O)=O)c4)CC3)cccc2n1","501.19"
"COc1ccc(C[C@@H](C)NC[C@H](O)c2cc(O)cc(O)c2)c2ccccc12","13.3"
"COc1ccc(C[C@@H](NC[C@H](O)c2cc(O)cc(O)c2)C(C)C)cc1","100000.0"
"Cc1ccc(Cn2ncc(N3CCNCC3)c(Cl)c2=O)cc1NC(=O)c1ccc(cc1)-c1ccccc1","2398.83"
"O[C@@H](CNCCCCCCCCCOc1ccc(cc1)C(NC(=O)O[C@H]1CN2CCC1CC2)c1ccccc1)c1ccc(O)c2[nH]c(=O)ccc12","0.2512"
"COc1ccc2[nH]cc(CCNC(C)=O)c2c1",
"CS(O)(=O)=O.CC(C)[C@@]1(NC(=O)[C@@H]2C[C@H]3[C@@H](Cc4c[nH]c5cccc3c45)N(C)C2)O[C@@]2(O)[C@@H]3CCCN3C(=O)[C@H](Cc3ccccc3)N2C1=O",
"[O-][N+](=O)c1ccc2NC(=O)CN=C(c3ccccc3)c2c1",
"NC[C@H](O)c1ccc(O)c(O)c1F","2000000.0"
"NC[C@H](O)c1cc(O)c(O)cc1F","38700.0"
"CC[C@H](C)[C@H](N)C1=N[C@@H](CS1)C(=O)N[C@@H](CC(C)C)C(=O)N[C@H](CCC(O)=O)C(=O)N[C@@H]([C@@H](C)CC)C(=O)N[C@H]1CCCCNC(=O)[C@H](CC(N)=O)NC(=O)[C@@H](CC(O)=O)NC(=O)[C@H](Cc2cnc[nH]2)NC(=O)[C@@H](Cc2ccccc2)NC(=O)[C@@H](NC(=O)[C@@H](CCCN)NC1=O)[C@@H](C)CC",
"NC(=O)N1c2ccccc2CCc2ccccc12",
"CCCC(=O)Nc1ccc(OCC(O)CNC(C)C)c(c1)C(C)=O",
"COc1cc(OC)c(C(=O)CCCN2CCCC2)c(OC)c1",
"c1ccc2c(c1)c1cccc3ccc4cccc2c4c13",
"Cc1cc(=O)n(-c2ccccc2)n1C",
"CC[C@H]1OC(=O)[C@H](C)[C@@H](O[C@H]2C[C@@](C)(OC)[C@@H](O)[C@H](C)O2)[C@H](C)[C@@H](O[C@@H]2O[C@H](C)C[C@@H]([C@H]2O)N(C)C)[C@](C)(O)C[C@@H](C)CN(C)[C@H](C)[C@@H](O)[C@]1(C)O",
"Nc1ccc(C(O)=O)c(O)c1",
"COc1ccc(C[C@H]2NC[C@H](O)[C@H]2OC(C)=O)cc1",
"CCCC[C@@H](C)NC[C@H](O)c1cc(O)cc(O)c1","9332.54"
"OC[C@H]1O[C@@H](OC[C@H]2O[C@@H](O[C@@H](C#N)c3ccccc3)[C@H](O)[C@@H](O)[C@@H]2O)[C@H](O)[C@@H](O)[C@@H]1O",
"[Br-].CCC(C)C(C(=O)OCC[N+](C)(CC)CC)c1ccccc1",
"CS(=O)(=O)OCCCCOS(C)(=O)=O",
"CC(=O)O[C@H]1CC[C@@H]2[C@H]3CC[C@@]4(C)[C@@H](CC[C@@]4(OC(C)=O)C#C)[C@@H]3CCC2=C1",
"CCN1C(=Cc2sc3ccccc3[n+]2C)C=Cc2cccc(C)c12","9.0"
"C[C@H]1O[C@H]([C@H](O)[C@@H]1O)n1cc(F)c(=O)[nH]c1=O",
"CCCC1O[C@@H]2C[C@H]3[C@@H]4CCC5=CC(=O)C=C[C@]5(C)[C@H]4[C@@H](O)C[C@]3(C)[C@@]2(O1)C(=O)CO",
"C[C@]12CC[C@H]3[C@@H](CCc4cc(O)ccc34)[C@@H]1CC[C@@]2(O)C#C",
"OCc1cc(ccc1O)C(O)CNCCc1ccc(NCc2ccc3ccccc3c2)cc1","10000.0"
"CCCN1C[C@H](CSC)C[C@H]2[C@H]1Cc1c[nH]c3cccc2c13",
"CCNCCOc1ccccc1-c1ccccc1","9.0"
"C(Cc1ccccn1)N1C2CCC1CC2",
"NC(=N)NCCN1CCCCCCC1",
"Fc1cccc(CN2CCCC2)c1",
"COc1cccc(c1)[C@@H](Cc1ccccc1)NC[C@@H](O)Cc1ccc(O)c(NS(C)(=O)=O)c1","350.0"
"CC(C)(C)NCC(O)COc1cccc2oc3ccccc3c12","0.145"
"O[C@@H](CNCCCNC(=O)c1ccc(COc2cccc(c2)-c2ccc(cc2)[C@@H](NC(=O)O[C@H]2CN3CCC2CC3)c2ccccc2)cc1)c1ccc(O)c2[nH]c(=O)ccc12","0.01259"
"CC(COc1ccc2OCC(=O)Nc2c1)NCC(O)COc1cccc2[nH]ccc12","0.631"
"OC(COc1cccc2[nH]c(cc12)C#N)CN1CCN(CC1)C(c1ccccc1)c1ccccc1","57.3"
"OC(CNCCOCCOCCOCCOCCNC(=O)CS(O)(=O)=O)COc1ccccc1CC=C","752.0"
"COC1CN(CCCOc2ccc(F)cc2)CCC1NC(=O)c1cc(Cl)c(N)cc1OC",
"NC[C@H](O)c1cc(O)c(O)cc1F","319000.0"
"OCc1cc(ccc1O)C(O)CNCCc1ccc(cc1)N1CCC(CC1)c1ccccc1","12589.25"
"OCc1cc(ccc1O)C(O)CNCCc1ccc(cc1)N1CCC(CCCc2ccccc2)CC1","199526.23"
"CCc1oc2ccccc2c1C(=O)c1cc(Br)c(O)c(Br)c1",
"CC(C)NCC(O)COc1cccc2[nH]ccc12","0.4"
"CC[C@@]1(O)C[C@H](O[C@H]2C[C@@H]([C@H](O[C@H]3C[C@H](O)[C@H](O[C@H]4CCC(=O)[C@H](C)O4)[C@H](C)O3)[C@H](C)O2)N(C)C)c2c(O)c3C(=O)c4c(O)cccc4C(=O)c3cc2[C@H]1C(=O)OC",
"CN(C)Cc1c(O)ccc2[nH]c(C)nc12","25118.86"
"CCOC(=O)n1ccn(C)c1=S",
"CC(C)(C)CC(C)(C)NC[C@H](O)c1ccc(O)c2[nH]c(=O)sc12","1.9"
"COc1ccc(C[C@H](NC[C@H](O)c2cc(O)cc(O)c2)C(C)C)cc1","29200.0"
"CCC[C@@H](Cc1ccc(OC)cc1)NC[C@H](O)c1cc(O)cc(O)c1","100000.0"
"c1nc(cs1)-c1nc2ccccc2[nH]1",
"CC(C)(C)NC[C@H](O)COc1nsnc1N1CCOCC1","0.201"
"Nc1ccc(cc1)S(=O)(=O)Nc1ncccn1",
"CN1C[C@H](CNC(=O)OCc2ccccc2)C[C@H]2[C@H]1Cc1cn(C)c3cccc2c13",
"OC(CNC1CCN(CC1)c1ncnc2scc(-c3ccccc3)c12)COc1ccc(O)c(O)c1","873.0"
"CC(=O)Nc1cccc(OCC(O)CNC2CCN(CC2)c2ncnc3scc(-c4ccccc4)c23)c1","117.0"
"OC(CNC1CCN(CC1)c1ncnc2scc(-c3ccccc3)c12)COc1ccccc1CC=C","6.0"
"OC(CNC1CCN(CC1)c1ncnc2scc(-c3ccccc3)c12)COc1ccccc1F","25.0"
"C[C@@H](Cc1ccc(O)cc1)NC[C@@H](O)c1cc(O)cc(O)c1","27542.29"
"CC(NCc1ccc(cc1)-c1ncccn1)c1ccccc1C","4390.0"
"CC(C)NC[C@H](O)COc1cccc2ccccc12","0.244"
"Cc1noc(NS(=O)(=O)c2ccc(N)cc2)c1C",
"CCOc1ccc(Nc2ccc(CCNC[C@H](O)c3ccc(O)c4[nH]c(=O)ccc34)cc2)cc1","12.59"
"Oc1cccc(O)c1O",
"[Br-].C[N+]1(C)[C@H]2C[C@H](C[C@H]1[C@@H]1O[C@H]21)OC(=O)[C@H](CO)c1ccccc1",
"CC[C@H]1OC(=O)[C@H](C)[C@@H](O[C@H]2C[C@@](C)(OC)[C@@H](O)[C@H](C)O2)[C@H](C)[C@@H](O[C@@H]2O[C@H](C)C[C@@H]([C@H]2O)N(C)C)[C@@](C)(C[C@@H](C)C(=O)[C@H](C)[C@@H](O)[C@]1(C)O)OC",
"OC[C@H]1O[C@@H]2O[C@@H]3[C@@H](CO)O[C@H](O[C@@H]4[C@@H](CO)O[C@H](O[C@@H]5[C@@H](CO)O[C@H](O[C@@H]6[C@@H](CO)O[C@H](O[C@@H]7[C@@H](CO)O[C@H](O[C@H]1[C@H](O)[C@H]2O)[C@H](O)[C@H]7O)[C@H](O)[C@H]6O)[C@H](O)[C@H]5O)[C@H](O)[C@H]4O)[C@H](O)[C@H]3O",
"C[C@H]1C[C@H]2[C@@H]3CCC4=CC(=O)C=C[C@]4(C)[C@@]3(F)[C@@H](O)C[C@]2(C)[C@@]1(O)C(=O)CO",
"COc1ccc(cc1)N1CCN(CCn2c(=O)[nH]c3c4ccccc4[nH]c3c2=O)CC1","100000.0"
"Cc1ccc(C)c(OCC(O)CNC2CCCC2)c1","1995.26"
"CCCCc1oc2ccccc2c1C(=O)c1cc(I)c(OCCN(CC)CC)c(I)c1",
"Cn1ccnc1S",
"CC(C(O)=O)c1cccc(Oc2ccccc2)c1",
"CC(C)NCC(O)COc1ccccc1CCCSCC(=O)NCCOCCOCCNC(=O)C1C(C(C1C(O)=O)C(O)=O)C(O)=O","78.6"
"CC[C@]1(O)C[C@@H]2CN(C1)CCc1c([nH]c3ccccc13)[C@@](C2)(C(=O)OC)c1cc2c(cc1OC)N(C)[C@@H]1[C@]22CCN3CC=C[C@](CC)([C@@H]23)[C@@H](O)[C@]1(O)C(N)=O",
"Clc1ccccc1N1CCNCC1",
"COc1cc2O[C@H]3OC=C[C@H]3c2c2oc(=O)c3C(=O)CCc3c12",
"NS(=O)(=O)c1cc(C(O)=O)c(NCc2ccco2)cc1Cl",
"C(c1ccccc1)n1ccnc1",
"CCOC(=O)[C@H](CCc1ccccc1)N[C@H]1CCc2ccccc2N(CC(O)=O)C1=O",
"Nc1nc(O)c2ncn(CCC(CO)CO)c2n1",
"CCC(=C)C(=O)c1ccc(OCC(O)=O)c(Cl)c1Cl",
"CNC(NCCSCc1ccc(CN(C)C)o1)=C[N+]([O-])=O",
"CCc1cc2CC(Cc2cc1CC)NCC(O)c1ccc(O)c2[nH]c(=O)c(C)cc12","382.0"
"COP(=O)(OC)OC=C(Cl)Cl",
"O[C@@H](CNCCc1ccc(Nc2ccc(OCCN3CCOCC3)cc2)cc1)c1ccc(O)c2[nH]c(=O)ccc12","19.95"
"CC(C)(C)NC[C@H](O)c1ccc(O)c(CO)c1","3802.0"
"CCN(CC)CCOCCC1=CCC2CC1C2(C)C",
"CO[C@H]1O[C@@H]2O[C@@]3(C)CC[C@H]4[C@H](C)CC[C@@H]([C@H]1C)[C@@]24OO3",
"CC1(C)S[C@@H]2[C@H](NC(=O)[C@H](NC(=O)N3CCNC3=O)c3ccccc3)C(=O)N2[C@H]1C(O)=O",
"CCCCc1nc(Cl)c(CO)n1Cc1ccc(cc1)-c1ccccc1-c1nnn[nH]1",
"CCN1CCCC1CNC(=O)c1cc(ccc1OC)S(N)(=O)=O",
"COc1cc(CCNC[C@@H](O)COc2cccc3ccccc23)ccc1OCCCSSCCN","1.1"
"COc1cc(CCNC[C@@H](O)COc2cccc3ccccc23)ccc1OCCSSCCN","3.4"
"CN(CCOc1ccc(CC2SC(=O)NC2=O)cc1)c1ccccn1",
"FC(F)(F)c1cc(Oc2nccc3occc23)ccc1-c1cccc2nccn12","8600.0"
"FC(F)(F)c1cc(Oc2nccc3ccsc23)ccc1-c1cccc2nccn12","5900.0"
"NCCCCOc1ccc(Nc2ccc(CCNC[C@H](O)c3ccc(O)c4[nH]c(=O)ccc34)cc2)cc1","5.012"
"O[C@@H](CNCCc1ccc(Nc2ccc(OCCN3CCNCC3)cc2)cc1)c1ccc(O)c2[nH]c(=O)ccc12","10.0"
"O=C1Cc2ccccc2Sc2c(OCCN3CCCCC3)cccc12","794328.23"
"CC(C)c1ccc(C)cc1OCC(O)CN1CCN(CCO)CC1","39810.72"
"CC(C)NC(=O)NS(=O)(=O)c1cnccc1Nc1cccc(C)c1",
"CN1C(C(=O)Nc2ccccn2)=C(O)c2sccc2S1(=O)=O",
"CC(C)(N)COc1ccc(Nc2ccc(CCNC[C@H](O)c3ccc(O)c4[nH]c(=O)ccc34)cc2)cc1-c1ccccc1","1.0"
"CCC(C)(C)C(=O)O[C@H]1C[C@@H](C)C=C2C=C[C@H](C)[C@H](CC[C@@H]3C[C@@H](O)CC(=O)O3)[C@@H]12",
"CC(C)CCC[C@@H](C)[C@H]1CC[C@H]2C(CCC[C@]12C)=C\\C=C1\\C[C@@H](O)CCC1=C",
"C[C@]1(O)CC[C@H]2[C@@H]3CC[C@H]4Cc5n[nH]cc5C[C@]4(C)[C@H]3CC[C@]12C",
"COc1ccccc1OCCNC[C@H](O)COc1ccc(O)c(O)c1","21.0"
"COC1=CC(=O)C[C@@H](C)[C@]11Oc2c(C1=O)c(OC)cc(OC)c2Cl",
"COc1ccc(Nc2ccc(CCNCC(O)c3ccc(O)c(CO)c3)cc2)cc1","1258.93"
"Oc1ccc(\\C=C\\c2cc(O)cc(O)c2)cc1",
"CC(=O)Nc1ccc(CC2NCCc3cc(O)c(O)cc23)cc1I","7.762"
"O.C[C@@](Cc1ccc(O)c(O)c1)(NN)C(O)=O",
"CC1(C)O[C@@H]2C[C@H]3[C@@H]4CCC5=CC(=O)CC[C@]5(C)[C@@]4(F)[C@@H](O)C[C@]3(C)[C@@]2(O1)C(=O)CCl",
"CC(C)NC[C@H](O)COc1ccccc1-n1cc(CNCc2cn(nn2)-c2ccccc2OC[C@@H](O)CNC(C)C)nn1","38.9"
"CC(C)NC[C@H](O)COc1ccccc1Cn1cc(CNCc2cn(Cc3ccccc3OC[C@@H](O)CNC(C)C)nn2)nn1","15.49"
"CC(C)NC[C@H](O)COc1ccccc1CCn1cc(CNCc2cn(CCc3ccccc3OC[C@@H](O)CNC(C)C)nn2)nn1","0.8913"
"CC(C)NC[C@H](O)COc1ccccc1CCCCNC(=O)NCCCCc1ccccc1OC[C@@H](O)CNC(C)C","0.3802"
"C[C@]12CC[C@H]3[C@@H](CCC4=CC(=O)CC[C@]34C)[C@@H]1CC[C@@H]2O",
"CN1[C@H]2CC[C@@H]1C[C@@H](C2)OC(=O)c1c[nH]c2ccccc12",
"OC(=O)c1cn(C2CC2)c2cc(N3CCNCC3)c(F)cc2c1=O",
"CN1CCC[C@@H]1CCO[C@](C)(c1ccccc1)c1ccc(Cl)cc1",
"Cc1ccc(CCNC[C@H](O)c2ccc(O)c3[nH]c(=O)sc23)cc1C","32.0"
"CC(CN1CCCCC1)C(=O)c1ccc(C)cc1",
"NC(=O)NC(=O)Cc1ccccc1",
"OCC=C",
"CC(C)NC[C@H](O)COc1ccccc1CCCCCCCCCCc1ccccc1OC[C@@H](O)CNC(C)C","1.514"
"CC(C)NC[C@H](O)COc1ccccc1CCCCCCCCCCCCc1ccccc1OC[C@@H](O)CNC(C)C","1.148"
"N[C@@H](CCC(=O)N[C@@H](CSSC[C@H](NC(=O)CC[C@H](N)C(O)=O)C(=O)NCC(O)=O)C(=O)NCC(O)=O)C(O)=O",
"COc1cccc2C(=O)c3c(O)c4C[C@](O)(C[C@H](O[C@H]5C[C@H](N)[C@H](O)[C@H](C)O5)c4c(O)c3C(=O)c12)C(=O)CO",
"Cl.NS(=O)(=O)c1ccc(CCNC(=O)c2ccc(OCC(O)CN3CCOCC3)cc2)cc1","100000.0"
"CCCCOc1cc(CC2CNC(=O)N2)ccc1OC",
"Cc1ccc(Cl)c(Nc2ccccc2C(O)=O)c1Cl",
"NC[C@H](O)c1ccc(O)c(O)c1","217000.0"
"O=c1[nH]c2c3ccccc3[nH]c2c(=O)n1CCN1CCCCC1",
"COS(C)(=O)=O",
"CCN(CC)CC#CCOC(=O)C(O)(C1CCCCC1)c1ccccc1",
"CCc1ccc(CCOc2ccc(CC3SC(=O)NC3=O)cc2)nc1",
"CN1CCN(CCCN2c3ccccc3Sc3ccc(Cl)cc23)CC1",
"OC(COc1ccccc1CC=C)CN1CCC(CC1)N1C(=O)c2cccc3cccc(C1=O)c23","40.0"
"Cl.NCC1CC1c1cc(F)c(F)cc1OCC=C","812.83"
"COc1cc2nc(nc(N)c2cc1OC)N1CCN(CC1)C(=O)C1CCCO1",
"S(Sc1nc2ccccc2s1)c1nc2ccccc2s1",
"Cc1onc(c1CNC[C@H](O)c1ccc(O)c2[nH]c(=O)sc12)-c1ccccc1","19.8"
"CCC(C)n1ncn(-c2ccc(cc2)N2CCN(CC2)c2ccc(OCC3COC(Cn4cncn4)(O3)c3ccc(Cl)cc3Cl)cc2)c1=O",
"Cn1c2ncn(CC(O)CO)c2c(=O)n(C)c1=O",
"CC(C)(C)NC[C@H](O)c1ccc(O)c(CO)c1","5623.41"
"CCCCCCNC(=O)n1cc(F)c(=O)[nH]c1=O",
"COC(=O)Nc1nc2cc(Sc3ccccc3)ccc2[nH]1",
"Cc1onc(O)c1CC(N)C(O)=O",
"COc1cccc(c1)C1(O)CCCCC1CN(C)C",
"COc1cc(N)[nH]c-2nc(c(c1-2)-c1ccncc1)-c1ccc(F)cc1",
"CN1C(=O)OC(C)(C)C1=O",
"CC(C(O)=O)c1ccc(CC2CCCC2=O)cc1",
"CC[C@@H](CO)NCCN[C@@H](CC)CO",
"COc1ccc(Cl)cc1C(=O)NCCc1ccc(cc1)S(=O)(=O)NC(=O)NC1CCCCC1",
"NC(=N)NC(=O)c1nc(Cl)c(N)nc1N",
"Nc1nc2n(COC(CO)CO)cnc2c(=O)[nH]1",
"OC(=O)CCCc1ccc(cc1)N(CCCl)CCCl",
"Nc1ccc(cc1)S(N)(=O)=O",
"CCOc1cc(N)c(Cl)cc1C(=O)NCC1CN(Cc2ccc(F)cc2)CCO1",
"CC(C)NNC(=O)c1ccncc1",
"Cc1cn([C@@H]2O[C@H](CO)C=C2)c(=O)[nH]c1=O",
"CC(C)(c1ccc(O)cc1)c1ccc(O)cc1",
"Cn1c2nc(Cl)[nH]c2c(=O)n(C)c1=O.CN(C)CCOC(c1ccccc1)c1ccccc1",
"CC1=C(CC(O)=O)c2cc(F)ccc2C1=Cc1ccc(cc1)S(C)(=O)=O",
"CC(N(O)C(N)=O)c1cc2ccccc2s1",
"CC(C)(C)OC(=O)NCCOCCOCCOCCOCCNCC(O)COc1ccccc1CC=C","3.7"
"CC(C)(C(=O)c1cccnc1)c1cccnc1",
"CS(=O)(=O)N1CCN(CCOc2ccc(Nc3ccc(CCNC[C@H](O)c4ccc(O)c5[nH]c(=O)ccc45)cc3)cc2)CC1","31.62"
"CC(C)(N)COc1ccc(Nc2ccc(CCNC[C@H](O)c3ccc(O)c4[nH]c(=O)ccc34)cc2)cc1","6.31"
"COc1ccc(C[C@@H](C)NC[C@H](O)c2cc(O)cc(O)c2)cc1","4.093"
"CC(C)NCC(O)COc1ccccc1CCCSCC(=O)NCCOCCOCCNC(=O)CS(O)(=O)=O","16.4"
"COc1ccc(C[C@H](C)NC[C@H](O)c2cc(O)cc(O)c2)c2ccccc12","12.7"
"CN[C@@H]1[C@@H](O)[C@@H](O[C@H]2[C@H](N)C[C@H](N)[C@@H](O[C@H]3OC(CN)=CC[C@H]3N)[C@@H]2O)OC[C@]1(C)O",
"CC[C@H](C)C(=O)O[C@H]1CCC=C2C=C[C@H](C)[C@H](CC[C@@H]3C[C@@H](O)CC(=O)O3)[C@@H]12",
"CCCC[C@@H](C)NC[C@@H](O)c1cc(O)cc(O)c1","100000.0"
"C[C@H](Cc1cccc2ccccc12)NC[C@@H](O)c1cc(O)cc(O)c1","1778.28"
"NC[C@H]1CC[C@@H](CC1)C(O)=O",
"NC[C@H](O)c1cc(O)c(O)cc1F","216000.0"
"CC(C)NC(C)C(O)COc1ccc(C)c2CCCc12","1.0"
"CN(C)CCCn1c(=O)[nH]c2c3ccccc3[nH]c2c1=O",
"O[C@@H](CN[C@H]1CCC[C@@H]1OCc1ccccc1)c1ccc(O)c2[nH]c(=O)sc12","6.1"
"Cc1ccc2c(OCCN3CCC(Cc4ccc5OCC(=O)Nc5c4)CC3)cccc2n1","501.19"
"C[C@H](Cc1c[nH]c2c(OS(C)(=O)=O)cccc12)NC[C@H](O)c1cccc(NS(=O)(=O)c2cccs2)c1","48.0"
"Clc1c(cnn(Cc2cccc(NC(=O)c3ccc(cc3)-c3ccccc3)c2)c1=O)N1CCNCC1","2290.87"
"NC[C@H](O)c1ccc(O)c(O)c1","134000.0"
"CC[C@@H](Cc1ccc(OC)cc1)NC[C@H](O)c1cc(O)cc(O)c1","20100.0"
"O[C@@H](CN[C@@H]1CCC[C@@H]1C1CCCC1)c1ccc(O)c2[nH]c(=O)sc12","0.8"
"CC(C)Cc1ccc(CCNC[C@H](O)c2ccc(O)c3[nH]c(=O)sc23)cc1","6.8"
"CC(C)c1ccc(C)cc1OCC(O)CN1CCCCC1","794.33"
"COC(=O)C1=C(C)NC(C)=C(C1c1ccccc1[N+]([O-])=O)C(=O)OC",
"COC(=O)Nc1nc2cc(ccc2[nH]1)C(=O)c1ccccc1",
"CC(=O)O[C@@]1(CC[C@H]2[C@@H]3C=C(C)C4=CC(=O)CC[C@]4(C)[C@H]3CC[C@]12C)C(C)=O",
"OC(=O)c1ccccc1",
"N[C@@H](COC(=O)C=[N+]=[N-])C(O)=O",
"OC[C@@H](O)[C@@H](O)[C@H](O)[C@H](O)CO",
"CC(C)N1CCN(CC1)c1ccc(OC[C@H]2CO[C@@](Cn3cncn3)(O2)c2ccc(Cl)cc2Cl)cc1",
"CC(C)CC(N(C)C)C1(CCC1)c1ccc(Cl)cc1",
"Oc1ccc(\\C=C\\C(=O)OCCc2ccccc2)cc1O",
"CC1(C)S[C@@H]2[C@H](NC(=O)Cc3ccccc3)C(=O)N2[C@H]1C(O)=O",
"C1CCN2C[C@H]3C[C@H](CN4CCCC[C@H]34)[C@@H]2C1",
"CO[C@H]1[C@@H](O)[C@H](N)[C@@H](O[C@H]2O[C@@H](CC[C@H]2N)[C@H](C)N)[C@H](O)[C@@H]1N(C)C(=O)CN",
"CCCCC1=NC2(CCCC2)C(=O)N1Cc1ccc(cc1)-c1ccccc1-c1nnn[nH]1",
"OC(=O)CCNC(=O)c1ccccc1",
"CCOC(=O)[C@H](CCc1ccccc1)N[C@@H](C)C(=O)N1[C@H]2CCC[C@H]2C[C@H]1C(O)=O",
"CC(=O)O[C@@H]1C2=C(C)[C@H](C[C@@](O)([C@@H](OC(=O)c3ccccc3)[C@@H]3[C@@]4(CO[C@@H]4C[C@H](O)[C@@]3(C)C1=O)OC(C)=O)C2(C)C)OC(=O)[C@H](O)[C@@H](NC(=O)c1ccccc1)c1ccccc1",
"NC(=N)c1ccc(OCCCCCOc2ccc(cc2)C(N)=N)cc1",
"NC(=O)C[S+]([O-])C(c1ccccc1)c1ccccc1",
"CC1Cc2ccccc2N1NC(=O)c1ccc(Cl)c(c1)S(N)(=O)=O",
"OC(=O)c1cn(-c2ccc(F)cc2)c2cc(N3CCNCC3)c(F)cc2c1=O",
"CC(C)(C)NCC(O)c1cc(O)cc(O)c1",
"ClC1=C(Cl)[C@]2(Cl)[C@@H]3[C@@H]4C[C@@H]([C@H]5O[C@@H]45)[C@@H]3[C@@]1(Cl)C2(Cl)Cl",
"COC(=O)c1ccc(O)cc1",
"Cc1ncc(n1CCO)[N+]([O-])=O",
"[Cl-].[Cl-].[Zn++]",
"COc1ccccc1C(=O)N1CCC(Cc2ccccc2)CC1",
"CC(C)(C)NC[C@H](O)c1ccc(O)c(CO)c1","4677.35"
"NC(=O)c1cccc(N)c1",
"CC(C)NCC(O)COc1cccc2[nH]ccc12","0.377"
"N[C@@H](Cc1ccc(F)cc1)C(O)=O",
"CCCCCC[C@@H]1[C@@H](OC(=O)CC(C)C)[C@H](C)OC(=O)[C@@H](NC(=O)c2cccc(NC=O)c2O)[C@@H](C)OC1=O",
"Nc1ccn([C@@H]2O[C@H](CO)[C@@H](O)C2(F)F)c(=O)n1",
"CN1CCN(CC1)C1=Nc2ccccc2Nc2sc(C)cc12",
"CCN(CC)CCNC(=O)c1cc(Cl)c(N)cc1OC",
"C[C@H]1[C@H](NC(=O)C(=NOC(C)(C)C(O)=O)c2csc(N)n2)C(=O)N1S(O)(=O)=O",
"CC(C)NCC(O)COc1ccccc1CC=C","1.0"
"COc1ccc(CN2CCNCC2)c(OC)c1OC",
"Cc1cc2cc3c(C)cc(=O)oc3c(C)c2o1",
"NC[C@@H]1O[C@H](O[C@@H]2[C@@H](CO)O[C@@H](O[C@@H]3[C@@H](O)[C@H](N)C[C@H](N)[C@H]3O[C@H]3O[C@H](CN)[C@@H](O)[C@H](O)[C@H]3N)[C@@H]2O)[C@H](N)[C@@H](O)[C@@H]1O",
"CCN[C@@H]1C[C@H](N)[C@@H](O[C@H]2OC(CN)=CC[C@H]2N)[C@H](O)[C@H]1O[C@H]1OC[C@](C)(O)[C@H](NC)[C@H]1O",
"Cc1cccc(c1)[C@H]1CCC[C@H]1NC[C@H](O)c1ccc(O)c2[nH]c(=O)sc12","15.0"
"O[C@@H](CN[C@H]1CCC[C@H]1C1CCCC1)c1ccc(O)c2[nH]c(=O)sc12","0.8"
"OCc1cc(ccc1O)C(O)CNCCCCCCOCCCCc1ccccc1","3.2"
"CC(C)NC[C@H](O)COc1cccc2[nH]ccc12","1.08"
"C(N1CCCC1)c1cccnc1",
"CC(Cc1ccc(O)cc1)NCC(O)c1cc(O)cc(O)c1","126.0"
"N1c2ccccc2Sc2ccccc12",
"CCCN(CCC)S(=O)(=O)c1ccc(cc1)C(O)=O",
"CNCCCC12CCC(c3ccccc13)c1ccccc21",
"CN1C(C(=O)Nc2ccccn2)=C(O)c2ccccc2S1(=O)=O",
"CCC1(C(=O)NC(=O)NC1=O)c1ccccc1",
"CCCNC(=O)NS(=O)(=O)c1ccc(Cl)cc1",
"[Cl-].[Cl-].C[n+]1ccc(cc1)-c1cc[n+](C)cc1",
"OCc1cc(ccc1O)C(O)CNCCc1ccc(Br)cc1","31622.78"
"OCc1cc(ccc1O)C(O)CNCCc1ccc(cc1)N1CCC(CC1)NC(=O)Cc1ccccc1","10000.0"
"CO[C@@H]1C[C@@H](CC[C@H]1O)\\C=C(/C)[C@H]1OC(=O)[C@@H]2CCCCN2C(=O)C(=O)[C@]2(O)O[C@@H]([C@H](C[C@H]2C)OC)[C@H](C[C@@H](C)CC(C)=C[C@@H](CC=C)C(=O)C[C@H](O)[C@H]1C)OC",
"CC(=O)Nc1c(I)cc(CC2NCCc3cc(O)c(O)cc23)cc1I","8.71"
"CC(C)C[C@H](NC(=O)c1ccc(cc1)N1CCC(CC1)NC[C@H](O)c1ccc(O)c(NS(C)(=O)=O)c1)C(O)=O","3400.0"
"COc1cc(cc(OC)c1O)[C@H]1[C@@H]2[C@H](COC2=O)[C@H](O[C@@H]2O[C@@H]3CO[C@@H](C)O[C@H]3[C@H](O)[C@H]2O)c2cc3OCOc3cc12",
"Fc1c[nH]c(=O)[nH]c1=O",
"O[C@@H](CNCCCCCCCCN1CCC(CC1)OC(=O)Nc1ccccc1-c1ccccc1)c1ccc(O)c2[nH]c(=O)ccc12","3.4"
"CC[C@H](C)C(=O)O[C@H]1C[C@H](O)C=C2C=C[C@H](C)[C@H](CC[C@@H](O)C[C@@H](O)CC(O)=O)[C@@H]12",
"CN(C)Cc1c(O)ccc2oc(CSc3ccccc3)c(C(C)=O)c12","39810.72"
"CCOC(N)=O",
"C[C@@H]1O[C@@H](O[C@H]2CC[C@]3(C)[C@H]4CC[C@]5(C)[C@H](CC[C@]5(O)[C@@H]4CCC3=C2)c2ccc(=O)oc2)[C@H](O)[C@H](O)[C@H]1O",
"C[C@]12C[C@H](O)[C@H]3[C@@H](CCC4=CC(=O)C=C[C@]34C)[C@@H]1CC[C@]2(O)C(=O)CO",
"CCCCOC(=O)c1ccc(N)cc1",
"CN(C)C(=O)C(CCN1CCC(O)(CC1)c1ccc(Cl)cc1)(c1ccccc1)c1ccccc1","2066.0"
"CCCOc1ccc(cc1N)C(=O)OCCN(CC)CC",
"Oc1ncnc2[nH]ncc12",
"COc1cc2OC[C@H]3Oc4c5C[C@@H](Oc5ccc4C(=O)[C@H]3c2cc1OC)C(C)=C",
"CC(C)NC[C@@H](O)COc1cccc2ccccc12","52.0"
"[Br-].C[C@@H](O)[C@H](NC(=O)[C@@H](C)[C@H](O)[C@@H](C)NC(=O)[C@@H](NC(=O)c1nc(nc(N)c1C)[C@H](CC(N)=O)NC[C@H](N)C(N)=O)[C@@H](O[C@@H]1O[C@@H](CO)[C@@H](O)[C@H](O)[C@@H]1O[C@H]1O[C@H](CO)[C@@H](O)[C@H](OC(N)=O)[C@@H]1O)c1c[nH]cn1)C(=O)NCCc1nc(cs1)-c1nc(cs1)C(=O)NCCC[S+](C)C",
"OC(=O)c1cc(ccc1O)\\N=N\\c1ccc(cc1)S(=O)(=O)Nc1ccccn1",
"CN(C)CCOC(c1ccccc1)c1ccccc1C",
"NCCN.Cn1c2nc[nH]c2c(=O)n(C)c1=O.Cn1c2nc[nH]c2c(=O)n(C)c1=O",
"CN[C@H]1[C@H](O)[C@@H](O)[C@H](CO)O[C@H]1O[C@H]1[C@H](O[C@H]2[C@H](O)[C@@H](O)[C@H](N=C(N)N)[C@@H](O)[C@@H]2N=C(N)N)O[C@@H](C)[C@]1(O)C=O",
"CC(=O)OCC(COC(C)=O)OC(C)=O",
"CC(C)CCCCC(=O)N[C@@H](CCN)C(=O)N[C@@H](CN[C@@H](CCN)C(=O)N[C@H]1CCNC(=O)[C@@H](NC(=O)[C@H](CCN)NC(=O)[C@H](CCN)NC(=O)[C@H](CC(C)C)NC(=O)[C@@H](CC(C)C)NC(=O)[C@H](CCN)NC1=O)[C@@H](C)O)[C@@H](C)O.CCC(C)CCCCC(=O)N[C@@H](CCN)C(=O)N[C@@H](CN[C@@H](CCN)C(=O)N[C@H]1CCNC(=O)[C@@H](NC(=O)[C@H](CCN)NC(=O)[C@H](CCN)NC(=O)[C@H](CC(C)C)NC(=O)[C@@H](CC(C)C)NC(=O)[C@H](CCN)NC1=O)[C@@H](C)O)[C@@H](C)O",
"C[C@@H]1C[C@H]2[C@@H]3CCC4=CC(=O)C=C[C@]4(C)[C@@]3(F)[C@@H](O)C[C@]2(C)[C@H]1C(=O)CO",
"CC1CC(CC(C)(C)C1)OC(=O)C(O)c1ccccc1",
"CC(C)NC(C)C(O)COc1ccc(C)c2CCCc12","0.16"
"Cc1cn[nH]c1",
"COC(=O)Nc1nc2cc(ccc2[nH]1)C(=O)c1cccs1",
"Oc1ccc2C[C@H]3N(CC4CC4)CC[C@@]45[C@@H](Oc1c24)C(=O)CC[C@@]35O",
"Fc1cccc(CCN2CCCC2)c1",
"COc1ccc(CC(C)NCC(O)c2ccc(O)c(NC=O)c2)cc1","31.62"
"CCOC(=O)C1=C(C)NC(C)=C(C1c1ccccc1\\C=C\\C(=O)OC(C)(C)C)C(=O)OCC",
"Cc1onc(c1-c1ccc(cc1)S(N)(=O)=O)-c1ccccc1",
"OC(=O)CCc1nc(c(o1)-c1ccccc1)-c1ccccc1",
"CC(C)NC[C@H](O)c1ccc(O)c(O)c1","46.0"
"COc1cc(CCNCCCOc2ccc(O)c(O)c2)ccc1OCCCc1ccccc1","700.0"
"CC[C@@H](Cc1ccc(O)cc1)NC[C@H](O)c1cc(O)cc(O)c1","293.76"
"CCOC(=O)N1CCC(CC1)=C1c2ccc(Cl)cc2CCc2cccnc12",
"Clc1cc(Cl)c(OCC#CI)cc1Cl",
"Br.CN1[C@H]2CC[C@@H]1C[C@@H](C2)OC(=O)C(O)c1ccccc1",
"C[C@]12CC[C@H]3[C@@H](CCc4cc(OC(=O)c5ccccc5)ccc34)[C@@H]1CC[C@@H]2O",
"CC(C)(C)NC[C@H](O)c1ccc(O)c(CO)c1","3801.89"
"NC(=N)N\\N=C\\c1c(Cl)cccc1Cl",
"COC1=C(OC)C(=O)C(CCCCCCCCCCO)=C(C)C1=O",
"CN(CCOc1ccc(C[C@H](Nc2ccccc2C(=O)c2ccccc2)C(O)=O)cc1)c1ccccn1",
"Cl.NC1=Nc2ccc(Cl)cc2CN1","10000.0"
"CNC(=O)Oc1ccc2N(C)[C@H]3N(C)CC[C@@]3(C)c2c1",
"COc1cc2C(=O)N(CC3CCN(CC(O)COc4ccccc4CC=C)CC3)C(=O)c3cccc(c1)c23","78.0"
"CC(N)c1ccc(Cl)cc1","33800.0"
"CC(C)(Oc1ccc(Cl)cc1)C(O)=O",
"OC1(CCN(CCCC(=O)c2ccc(F)cc2)CC1)c1ccc(Cl)cc1",
"COc1cc2C(=O)N(CC3CCN(CC(O)COc4cccc5[nH]c6ccccc6c45)CC3)C(=O)c3cccc(c1)c23","8.0"
"OCCOCCN1CCN(CC1)C1=Nc2ccccc2Sc2ccccc12",
"CNCc1cc2ccccc2s1","373000.0"
"CCN1CCC[C@H]1CNC(=O)c1cc(ccc1OC)S(N)(=O)=O",
"COc1ccc(Nc2ccc(CCNC[C@H](O)c3ccc(O)c4[nH]c(=O)ccc34)cc2)cc1-c1cccc(CN)c1","1.585"
"O[C@@H](CNCCc1ccc(Nc2ccc(OCCNC(=O)c3ccccc3)cc2)cc1)c1ccc(O)c2[nH]c(=O)ccc12","10.0"
"C[C@H]1COc2c(N3CCN(C)CC3)c(F)cc3c2n1cc(C(O)=O)c3=O",
"CN1CCN2C(C1)c1ccccc1Cc1ccccc21",
"NC(=O)CN1CCCC1=O",
"C[C@@H](O)[C@H](CO)NC(=O)[C@@H]1CSSC[C@H](NC(=O)[C@H](N)Cc2ccccc2)C(=O)N[C@@H](Cc2ccccc2)C(=O)N[C@H](Cc2c[nH]c3ccccc23)C(=O)N[C@@H](CCCCN)C(=O)N[C@@H]([C@@H](C)O)C(=O)N1",
"CC[C@@]1(O)C(=O)OCc2c1cc1-c3nc4ccc(O)c(CN(C)C)c4cc3Cn1c2=O",
"CC(C)(C)OC(=O)NCCOc1ccc(Nc2ccc(CCNC[C@H](O)c3ccc(O)c4[nH]c(=O)ccc34)cc2)cc1","19.95"
"COc1cc2CC[C@H](NC(C)=O)c3cc(=O)c(OC)ccc3-c2c(OC)c1OC",
"CN(C)CCC=C1c2ccccc2COc2ccccc12",
"OC[C@@H](NC(=O)C(Cl)Cl)[C@H](O)c1ccc(cc1)[N+]([O-])=O",
"NCCOCCOCCOCCOCCNCC(O)COc1ccccc1CC=C","10.3"
"CC(C)[C@@H](C)\\C=C\\[C@@H](C)[C@H]1CC[C@H]2C(CCC[C@]12C)=C\\C=C1\\C[C@@H](O)CCC1=C",
"NC12CC3CC(CC(C3)C1)C2",
"CCC1(CCC(C)C)C(=O)NC(=O)NC1=O",
"C[C@H]1[C@H]2[C@@H](O[C@]11CC[C@@H](C)CO1)[C@@H](O)[C@H]1[C@@H]3CC[C@H]4C[C@@H](O[C@@H]5O[C@H](CO)[C@H](O[C@@H]6O[C@H](CO)C(O)[C@H](O[C@@H]7OC[C@@H](O)[C@H](O)[C@H]7O)[C@H]6O[C@@H]6O[C@H](CO)[C@H](O)[C@H](O[C@@H]7O[C@H](CO)[C@@H](O)[C@H](O)[C@H]7O)[C@H]6O)[C@H](O)[C@H]5O)[C@H](O)C[C@]4(C)[C@H]3CC[C@]21C",
"Nc1ccc(cc1)S(=O)(=O)Nc1nccs1",
"CC(C)[C@@H]1N2C(=O)[C@](NC(=O)[C@H]3CN(C)[C@@H]4Cc5c[nH]c6cccc(C4=C3)c56)(O[C@@]2(O)[C@@H]2CCCN2C1=O)C(C)C",
"Oc1cc2CCNC(Cc3cc(cc(c3)C(F)(F)F)C(F)(F)F)c2cc1O","4365.16"
"Oc1c(Cl)cc(Cl)cc1Sc1cc(Cl)cc(Cl)c1O",
"NC(=O)N1c2ccccc2C=Cc2ccccc12",
"Cc1ccc2cc3c(ccc4ccccc34)c3CCc1c23",
"CCC[C@@H]1C[C@H](N(C)C1)C(=O)N[C@H]([C@@H](C)O)[C@H]1O[C@H](SC)[C@H](O)[C@@H](O)[C@H]1O",
"C[C@]12C[C@H](O)[C@H]3[C@@H](CCC4=CC(=O)CC[C@]34C)[C@@H]1CC[C@]2(O)C(=O)CO",
"CC(=O)Nc1ccc-2c(Cc3ccccc-23)c1",
"OC(=O)COC(=O)Cc1ccccc1Nc1c(Cl)cccc1Cl",
"FC(F)(F)c1ccccc1C(=O)N1CCC(Cc2ccccc2)CC1",
"CC(=O)O[C@]1(CC[C@H]2[C@@H]3CCC4=CC(=O)CC[C@@H]4[C@H]3CC[C@]12C)C#C",
"O.O.O.O.O.O.[Cl-].[Cl-].[Sr++]",
"CC(NC(C)(C)C)C(=O)c1cccc(Cl)c1",
"Clc1ccc(COC(Cn2ccnc2)c2ccc(Cl)cc2Cl)cc1",
"Brc1ccccc1",
"CN1CCCC(CN2c3ccccc3Sc3ccccc23)C1",
"CC(=O)Oc1ccc(cc1)C(c1ccc(OC(C)=O)cc1)c1ccccn1",
"CCn1cc(C(O)=O)c(=O)c2cc(F)c(cc12)N1CCN(C)CC1",
"CC(C)NCC(O)COc1cccc2[nH]c3ccccc3c12","0.03"
"CCCCC[C@H](C)NC[C@H](O)c1cc(O)cc(O)c1","31440.0"
"C[C@@]12CN(c3ccccc3)c3ccccc3[C@@H]1CCN2","10000.0"
"OCCNC(=O)c1cccc2N(CCc12)c1cc(Cc2cc(F)cc(c2)C(F)(F)F)ncn1",
"CN1CCc2c(C1)c1cccc3Cc4ccccc4Cn2c13","10000.0"
"CC[C@H](Cc1ccc(OC)cc1)NC[C@H](O)c1cc(O)cc(O)c1","35.73"
"O[C@@H](CNCCCCCCOc1cccc(c1)[C@@H](NC(=O)O[C@H]1CN2CCC1CC2)c1ccccc1)c1ccc(O)c2[nH]c(=O)ccc12","0.5012"
"O=c1cc(oc2ccc3ccccc3c12)-c1ccccc1",
"C[C@H]1C[C@H](C)N1C(=O)[C@H]1CN(C)C2Cc3c[nH]c4cccc(C2=C1)c34","1100.0"
"NCCCC(O)(P(O)(O)=O)P(O)(O)=O",
"CN(\\C=N\\c1ccc(C)cc1C)\\C=N\\c1ccc(C)cc1C",
"C[C@@H](Cc1ccc(O)cc1)NC[C@H](O)c1cc(O)cc(O)c1","183.23"
"Clc1cccc(c1)N1CCN(CCCn2nc3ccccn3c2=O)CC1",
"OC(=O)c1ccccc1-c1c-2ccc(=O)cc-2oc2cc(O)ccc12",
"CC(C)NCC(O)COc1ccccc1CC=C","0.5"
"OC[C@H]1O[C@@H]2O[C@@H]3[C@@H](CO)O[C@H](O[C@@H]4[C@@H](CO)OC(OC5[C@@H](CO)OC([C@H](O)[C@H]5O)C5[C@@H](CO)OC(O[C@@H]6[C@@H](CO)O[C@H](O[C@@H]7[C@@H](CO)O[C@H](O[C@@H]8[C@@H](CO)O[C@H](O[C@H]1[C@H](O)[C@H]2O)[C@H](O)[C@H]8O)[C@H](O)[C@H]7O)[C@H](O)[C@H]6O)[C@H](O)[C@H]5O)[C@H](O)[C@H]4O)[C@H](O)[C@H]3O",
"COc1cc(CNC(=O)CCCC\\C=C\\C(C)C)ccc1O",
"C[C@]1(O)CC[C@H]2[C@@H]3CC[C@H]4CC(=O)\\C(C[C@]4(C)[C@H]3CC[C@]12C)=C/O",
"COc1cccc(C[C@@H](C)NC[C@@H](O)c2cc(O)cc(O)c2)c1","5269.0"
"NC[C@H](O)c1ccc(O)c(O)c1","1776000.0"
"[Cl-].COc1ccc2cc3-c4cc5OCOc5cc4CC[n+]3cc2c1OC",
"COc1ccc(CCN2CCC(CC2)Nc2nc3ccccc3n2Cc2ccc(F)cc2)cc1",
"Oc1ccc(cc1)-c1sc2cc(O)ccc2c1C(=O)c1ccc(OCCN2CCCCC2)cc1",
"N[C@@H](Cc1cc(I)c(Oc2ccc(O)c(I)c2)c(I)c1)C(O)=O",
"NC[C@H](O)c1cc(O)c(O)cc1F","117000.0"
"NCC(CC(O)=O)c1ccc(Cl)cc1",
"Cc1cc(O)cc(C)c1Cl",
"COCCc1ccc(OC[C@@H](O)CNCCc2ccc(OCCCSSCCN)c(OC)c2)cc1","20.0"
"Cc1ccnc2N(C3CC3)c3ncccc3C(=O)Nc12",
"CC(C)NCC(O)c1ccccc1Cl","1370.0"
"COc1cc(CCNC[C@H](O)COc2ccc(COCCOC(C)C)cc2)ccc1OCCSSCCN","51.0"
"CC(C)NCC(O)COc1cccc2ccccc12","3.69"
"CC[C@H](Cc1ccc(OC)cc1)NC[C@H](O)c1cc(O)cc(O)c1","420.0"
"CC(C)NCC(O)COc1cccc2ccccc12","0.46"
"CC(C)[C@H](NC(=O)N(C)Cc1csc(n1)C(C)C)C(=O)N[C@H](C[C@H](O)[C@H](Cc1ccccc1)NC(=O)OCc1cncs1)Cc1ccccc1",
"Cn1cc(nc1-c1ccc(OC[C@@H](O)CNCCOc2ccc(OCCSSCCN)c(c2)C(N)=O)cc1)C(F)(F)F","2000.0"
"COc1ccccc1N1CCNCC1",
"C[C@H](Cc1ccc(OCC(O)=O)cc1)NC[C@H](O)c1cccc(Cl)c1","2850.0"
"OC(CCCN1CCCCC1)(c1ccccc1)c1ccccc1",
"CS(=O)(=O)Nc1cc(ccc1O)[C@@H](O)CNC1CCN(CC1)c1ccc(cc1)C(=O)N[C@@H](Cc1ccccc1)C(O)=O","480.0"
"C[C@H](Cc1ccc(N)cc1)NC[C@H](O)c1cc(O)cc(O)c1","1860.0"
"O[C@@H](CNCCCN1CCC(CC1)OC(=O)Nc1ccccc1-c1ccccc1)c1ccc(O)c2[nH]c(=O)ccc12","19.0"
"OC(CNCCCCCCCCCN1CCC(CC1)NC(=O)Nc1ccccc1-c1ccccc1)c1ccc(O)c2[nH]c(=O)ccc12","115.0"
"CCC1(CCC(=O)NC1=O)c1ccc(N)cc1",
"OC(COc1ccccc1CC=C)CN1CCN(CCN2C(=O)c3cccc4cccc(C2=O)c34)CC1","150.0"
"Cc1c(C)c2OC(C)(COc3ccc(CC4SC(=O)NC4=O)cc3)CCc2c(C)c1O",
"CC(C)(Sc1cc(c(O)c(c1)C(C)(C)C)C(C)(C)C)Sc1cc(c(O)c(c1)C(C)(C)C)C(C)(C)C",
"O[C@@H](CNCCCCCOc1cccc(c1)C(NC(=O)O[C@H]1CN2CCC1CC2)c1ccccc1)c1ccc(O)c2[nH]c(=O)ccc12","0.02512"
"[Cl-].CN(C)c1ccc(cc1)C(=C1C=CC(C=C1)=[N+](C)C)c1ccc(cc1)N(C)C",
"C[C@@H](CO)NC(=O)[C@H]1CN(C)[C@@H]2Cc3c[nH]c4cccc(C2=C1)c34",
"CC(C)NC[C@H](O)COc1ccccc1CCC(=O)NCCNC(=O)CCc1ccccc1OC[C@@H](O)CNC(C)C","11.75"
"CC(C)NC[C@H](O)COc1ccccc1CCCC(=O)NCCNC(=O)CCCc1ccccc1OC[C@@H](O)CNC(C)C","0.7586"
"COc1cc2CCN(C)C3Cc4cc5OCOc5cc4-c(c1OC)c23","10000.0"
"NC[C@H](O)c1ccc(O)c(O)c1F","3326000.0"
"NC(=O)NO",
"C[C@H]1C[C@H]2[C@@H]3CCC4=CC(=O)C=C[C@]4(C)[C@@]3(F)[C@@H](O)C[C@]2(C)[C@@]1(O)C(=O)COP(O)(O)=O",
"Cc1ccc2nc(CNCCCOc3ccccc3)cc(O)c2c1","1.0E9"
"CC(C)Cc1ccc(cc1)[C@@H](C)C(O)=O",
"Cl.CNCC(O)COc1ccc(cc1)S(=O)(=O)NCCc1ccccc1","39810.72"
"Cc1csc2ncnc(N3CCC(CC3)NCC(O)COc3ccc(O)c(CO)c3)c12","223.0"
"OC(CNC1CCN(CC1)c1ncnc2scc(-c3ccccc3)c12)COc1cccc(O)c1","6.0"
"CCN(CC)CC(=O)Nc1c(C)cccc1C",
"CC(C)n1c(\\C=C\\C(O)CC(O)CC(O)=O)c(-c2ccc(F)cc2)c2ccccc12",
"CC(=O)Nc1nnc(s1)S(N)(=O)=O",
"Cc1c(sc2ncnc(N3CCC(CC3)NCC(O)COc3ccc(O)c(CO)c3)c12)-c1ccccc1","94.0"
"CCc1cc(O)ccc1OCC(O)CNC1CCN(CC1)c1ncnc2scc(-c3ccccc3)c12","7.0"
"CC(C)c1ccccc1OCC(O)CNC1CCN(CC1)c1ncnc2scc(-c3ccccc3)c12","10.0"
"COc1cc-2c(C[C@@H]3N(C)CCc4cc(OC)c(OC)c-2c34)cc1O","950.0"
"OC(CCN1CCCCC1)(C1CCCCC1)c1ccccc1",
"Clc1cc2Oc3cc(Cl)c(Cl)cc3Oc2cc1Cl",
"OC(=O)c1ccccc1O",
"CC(C)NCC(O)c1ccc(O)c(O)c1","169.0"
"NNC(=O)c1ccncc1",
"CC[C@]1(O)C[C@H]2CN(C1)CCc1c([nH]c3ccccc13)[C@@](C2)(C(=O)OC)c1cc2c(cc1OC)N(C=O)[C@@H]1[C@]22CCN3CC=C[C@](CC)([C@@H]23)[C@@H](OC(C)=O)[C@]1(O)C(=O)OC",
"OCCN1CCN(CCCN2c3ccccc3Sc3ccc(cc23)C(F)(F)F)CC1",
"Clc1cccc(Cl)c1NC1=NCCN1",
"C[C@]12CC[C@H]3[C@@H](CCc4cc(O)ccc34)[C@@H]1CCC2=O",
"COc1ccccc1N1CCN(CCn2c(=O)[nH]c3c4ccccc4[nH]c3c2=O)CC1","100000.0"
"O[C@@H](CNC1CCCCC1C1CCCCC1)c1ccc(O)c2[nH]c(=O)sc12","151.0"
"COc1ccccc1OCCNC[C@H](O)COc1cccc2[nH]c3ccccc3c12","0.03"
"COc1ccc(C[C@H](C)NC[C@@H](O)c2cc(O)cc(O)c2)cc1","15900.0"
"CC(C)NCC(O)COc1ccccc1CC=C","1.2"
"CC(=O)S[C@@H]1CC2=CC(=O)CC[C@]2(C)[C@H]2CC[C@@]3(C)[C@@H](CC[C@@]33CCC(=O)O3)[C@H]12",
"C[C@H]1C[C@H]2[C@@H]3CC[C@](O)(C(C)=O)[C@@]3(C)C[C@H](O)[C@]2(F)[C@@]2(C)C=CC(=O)C=C12",
"O[C@@H](CNC12CC3CC(CC(C3)C1)C2)COc1cccc2[nH]ccc12","6.63"
"O=c1[nH]c2ccccc2c2ccccc12",
"C[C@H]1C[C@H]2[C@@H]3CC[C@](OC(C)=O)(C(C)=O)[C@@]3(C)CC[C@@H]2[C@@]2(C)CCC(=O)C=C12",
"OCc1cc(ccc1O)C(O)CNCCCCCCOCCCCc1ccccc1","0.25"
"CC(NC1CC(C1)c1ccc(F)cc1)c1ccc(Cl)cc1","7890.0"
"Cc1nnc2CN=C(c3ccccc3)c3cc(Cl)ccc3-n12",
"CC[C@@H](Cc1ccc(OC)cc1)NC[C@H](O)c1cc(O)cc(O)c1","4300.0"
"O[C@H]1CC[C@@]2(O)[C@H]3Cc4ccc(O)c5O[C@@H]1[C@]2(CCN3CC1CCC1)c45",
"COc1ccc(cc1)C(CN(C)C)C1(O)CCCCC1",
"[Br-].CCCCCCCCCCCCCCCC[n+]1ccccc1",
"NC[C@H](O)c1ccc(O)c(O)c1F","1160000.0"
"C[C@H](Cc1cccc2ccccc12)NC[C@H](O)c1cc(O)cc(O)c1","241.0"
"COc1ccc(cc1)C1C(=O)c2ccccc2C1=O",
"COc1ccc(C[C@H](C)NC[C@H](O)c2cc(O)cc(O)c2)c2ccccc12","320.0"
"COC(=O)c1ccc(Nc2ccc(CCNCC(O)c3ccc(O)c(CO)c3)cc2)cc1","251.19"
"COc1ccc2n(C)cc(CCN)c2c1","36200.0"
"OC(=O)CCCCCN1CCC(CNC(=O)c2c3OCCCn3c3ccccc23)CC1","10000.0"
"CC[C@H]1OC(=O)[C@H](C)[C@@H](O[C@H]2C[C@@](C)(OC)[C@@H](O)[C@H](C)O2)[C@H](C)[C@@H](O[C@@H]2O[C@H](C)C[C@@H]([C@H]2O)N(C)C)[C@](C)(O)C[C@@H](C)C(=O)[C@H](C)[C@@H](O)[C@]1(C)O",
"Fc1ccc(cc1)[C@@H]1CCNC[C@H]1COc1ccc2OCOc2c1",
"C[C@H]1OC=C2C(O)=C(C(O)=O)C(=O)C(C)=C2[C@@H]1C",
"CC1(COC1)NCc1cc2ccccc2s1","1000000.0"
"NC[C@H](O)c1ccc(O)c(O)c1F","2000000.0"
"O[C@@H](CNCCCN(Cc1ccccc1)C(=O)c1ccc(COc2cccc(c2)-c2ccc(cc2)[C@@H](NC(=O)O[C@H]2CN3CCC2CC3)c2ccccc2)cc1)c1ccc(O)c2[nH]c(=O)ccc12","0.1"
"C[C@@H]1CC2=C(CCC(=O)C2)[C@H]2CC[C@@]3(C)[C@@H](CC[C@@]3(O)C#C)[C@H]12",
"Nc1c(Br)cc(Br)cc1CN[C@H]1CC[C@H](O)CC1",
"O[C@@H](CNCCOc1ccc(cc1)-c1coc(COCc2ccccc2)n1)c1cccnc1",
"CCOC(=O)[C@H](CCc1ccccc1)N[C@@H](C)C(=O)N1CCC[C@H]1C(O)=O",
"Cc1cc2c(OCC(CNC(C)(C)C)OC(=O)c3ccccc3)cccc2[nH]1","14.0"
"CC1(C)S[C@@H]2[C@H](NC(=O)[C@H](N)c3ccc(O)cc3)C(=O)N2[C@H]1C(O)=O",
"OC(CNC1CCN(CC1)c1ncnc2scc(-c3ccc(F)cc3)c12)COc1ccccc1","19.0"
"Cl.CC(C)(C)NCC(O)COc1ccc(cc1)C(=O)NCCc1ccc(cc1)S(N)(=O)=O","100000.0"
"Cl.CNCC(O)COc1ccc(cc1)S(=O)(=O)NC(C)C","31622.78"
"Cl.CNCC(O)COc1ccc(cc1)S(=O)(=O)NCc1ccccc1","100000.0"
"Cl.CNCC(O)COc1ccc(cc1)S(N)(=O)=O","100000.0"
"CC1(C)O[C@@H]2C[C@H]3[C@@H]4CCC5=CC(=O)C=C[C@]5(C)[C@@]4(F)[C@@H](O)C[C@]3(C)[C@@]2(O1)C(=O)CO",
"CC[C@@]1(O)C(=O)OCc2c1cc1-c3nc4ccccc4cc3Cn1c2=O",
"COc1ccc(CCNC[C@H](O)c2cc(O)cc(O)c2)cc1","2670.0"
"CC(C)(C)NC[C@H](O)COc1nsnc1N1CCOCC1","0.2089"
"Cc1c(oc2c(cccc2c1=O)C(=O)OCCN1CCCCC1)-c1ccccc1",
"CC[C@H]1c2cc(C)ccc2OC[C@@]1(C)N","10000.0"
"OCc1cc(ccc1O)C(O)CNCCc1ccc(Nc2cccc3ccccc23)cc1","6309.57"
"CCCNC(C)C(=O)Nc1ccccc1C",
"OCCN1CCN(CCCN2c3ccccc3Sc3ccc(Cl)cc23)CC1",
"Nc1cc(c[nH]c1=O)-c1ccncc1",
"COc1cc(CCNC[C@@H](O)COc2ccc(O)c(O)c2)ccc1OCCCc1ccccc1","120.0"
"CC(C)c1c(C(=O)Nc2ccccc2)c(c(-c2ccc(F)cc2)n1CC[C@@H](O)C[C@@H](O)CC(O)=O)-c1ccccc1",
"Cc1ncc2nccn2c1-c1ccc(Oc2nccc3occc23)cc1C(F)(F)F","10000.0"
"C[C@@H](Cc1cccc2ccccc12)NC[C@@H](O)c1cc(O)cc(O)c1","2540.0"
"C[C@H](Cc1ccccc1)NC[C@@H](O)c1cc(O)cc(O)c1","23100.0"
"OC(CNC1CCN(CC1)c1ncnc2scc(-c3ccccc3)c12)COc1cccc(c1)C(O)=O","10000.0"
"OC(CNC1CCN(CC1)c1ncnc2scc(-c3ccccc3)c12)COc1cccc(OC(F)(F)F)c1","68.0"
"O[C@@H](CNCCOc1ccc(cc1)-c1csc(n1)-c1ccncc1)c1cccnc1",
"CC(C)CCC[C@@H](C)[C@H]1CC[C@H]2C(CCC[C@]12C)=CC=C1C[C@@H](O)C[C@H](O)C1=C",
"CC(C)(C)NC[C@H](O)c1ccc(O)c(CO)c1","5623.0"
"Cc1nc2CCCCn2c(=O)c1CCN1CCC(CC1)c1noc2cc(F)ccc12",
"OCc1cc(ccc1O)C(O)CNCCc1ccc(Nc2ccc3CCCc3c2)cc1","794.33"
"C[C@@H]1CC[C@H]2[C@@H](C)C(=O)O[C@@H]3O[C@]4(C)CC[C@@H]1[C@@]23OO4",
"COc1ccccc1OCCNC[C@@H](O)c1cccc2[nH]c3ccccc3c12","170.0"
"COc1ccc(C[C@H](C)NC[C@@H](O)c2cc(O)cc(O)c2)cc1","2870.0"
"C[C@H]1C[C@H](C)C(=O)[C@@H](C1)[C@H](O)CC1CC(=O)NC(=O)C1",
"Cc1cn([C@H]2C[C@H](N=[N+]=[N-])[C@@H](CO)O2)c(=O)[nH]c1=O",
"NC(CO)(CO)CO",
"Nc1ccn([C@@H]2O[C@H](CO)[C@@H](O)[C@@H]2O)c(=O)n1",
"C[N+](C)(C)C[C@H](O)CC([O-])=O",
"CC(=O)O[C@@]1(CC[C@H]2[C@@H]3C=C(Cl)C4=CC(=O)CC[C@]4(C)[C@H]3CC[C@]12C)C(C)=O",
"NS(=O)(=O)c1cc2c(NC(NS2(=O)=O)C(Cl)Cl)cc1Cl",
"Clc1ccccc1CN1CCc2sccc2C1",
"COCc1c(nc(C(C)C)c(\\C=C\\[C@@H](O)C[C@@H](O)CC(O)=O)c1-c1ccc(F)cc1)C(C)C",
"C[C@H](Cc1ccccc1)N(C)CC#C",
"Oc1c(I)cc(I)c2cccnc12",
"COc1ccc(C[C@@H](C)NC[C@H](O)c2cc(O)cc(O)c2)cc1","4.09"
"OC(=O)C(Cl)(Cl)Cl",
"CC(N)C12CC3CC(CC(C3)C1)C2",
"OC(COc1cccc2[nH]c3ccccc3c12)CN1CCC(CC1)C(=O)c1ccc(F)cc1","0.3"
"OC(COc1cccc2[nH]c3ccccc3c12)CN1CCC(Cc2ccccc2)CC1","0.5"
"CO[C@]12[C@H]3N[C@H]3CN1C1=C([C@H]2COC(N)=O)C(=O)C(N)=C(C)C1=O",
"CC(N)Cc1c[nH]c2ccccc12","10000.0"
"CC(=O)Nc1cccc(O)c1",
"OC(CNC1CCN(CC1)c1ncnc2scc(-c3ccccc3)c12)COc1cccc(c1)C(=O)N1CCOCC1","135.0"
"CCC[C@@H]1C[C@H](N(C)C1)C(=O)N[C@H]([C@H](C)Cl)[C@H]1O[C@H](SC)[C@H](O)[C@@H](O)[C@H]1O",
"NC(=O)Nc1cccc(OCC(O)CNC2CCN(CC2)c2ncnc3scc(-c4ccccc4)c23)c1","139.0"
"C[C@H]1O[C@H](O[C@@H]2[C@@H](CO)O[C@H](O[C@@H]3[C@@H](CO)O[C@@H](O)[C@H](O)[C@H]3O)[C@H](O)[C@H]2O)[C@H](O)[C@@H](O)[C@@H]1N[C@H]1C=C(CO)[C@@H](O)[C@H](O)[C@H]1O",
"CCC1(C(=O)NCNC1=O)c1ccccc1",
"CN1c2ccc(cc2C(=NCC1=O)c1ccccc1)[N+]([O-])=O",
"CC(N)COc1c(C)cccc1C",
"Nc1ccc(cc1)S(=O)(=O)Nc1ccnn1-c1ccccc1",
"CCCN1CCC[C@@H]2Cc3[nH]ncc3C[C@@H]12","100000.0"
"CCCN(CCC)[C@@H]1CCc2ccc(O)cc2C1","86000.0"
"O=C1COc2ccc(OCCNCCCOc3cccc4[nH]ccc34)cc2N1","1000.0"
"N.CO[C@H]1C[C@@H](O[C@H]2C[C@@H](O[C@H]2[C@]2(C)CC[C@@H](O2)[C@]2(C)CC[C@]3(C[C@H](O)[C@@H](C)[C@H](O3)[C@@H](C)[C@@H]3O[C@](O)(CC(O)=O)[C@@H](C)[C@H](OC)[C@H]3OC)O2)[C@H]2O[C@](C)(O)[C@H](C)C[C@@H]2C)O[C@@H](C)[C@@H]1OC",
"COc1ccc2n(C)cc(CCNCCCc3cccc(c3)C(F)(F)F)c2c1","10400.0"
"COc1ccc2n(C)cc(CCNCc3cc(OC(F)(F)F)ccc3F)c2c1","80400.0"
"CNCc1ccc(cc1)-c1nccs1","365000.0"
"CCN(CC)CCn1c(=O)[nH]c2c3ccccc3[nH]c2c1=O",
"CN(Cc1cc(Br)cc(Br)c1N)C1CCCCC1",
"C[C@@H](N)[C@H]1CC[C@@H](CC1)C(=O)Nc1ccncc1",
"[Na+].CN(CS([O-])(=O)=O)c1c(C)n(C)n(-c2ccccc2)c1=O",
"CN1C[C@@H]2C[C@H]1CN2c1cc2n(cc(C(O)=O)c(=O)c2cc1F)C1CC1",
"C[C@@H]1[C@H]2[C@H](O)[C@H]3[C@H](N(C)C)C(O)=C(C(N)=O)C(=O)[C@@]3(O)C(O)=C2C(=O)c2c(O)cccc12",
"CN1c2ccc(Cl)cc2C(=NCC1=O)c1ccccc1",
"CCOC(=O)[C@H](CCc1ccccc1)N[C@@H](C)C(=O)N1Cc2ccccc2C[C@H]1C(O)=O",
"C[C@H]1O[C@H](C[C@H](O)[C@@H]1O)O[C@H]1[C@@H](O)C[C@H](O[C@H]2[C@@H](O)C[C@H](O[C@H]3CC[C@@]4(C)[C@H](CC[C@@H]5[C@@H]4CC[C@]4(C)[C@H](CC[C@]54O)C4=CC(=O)OC4)C3)O[C@@H]2C)O[C@@H]1C",
"ClCCN(N=O)C(=O)NC1CCCCC1",
"OCc1cc(ccc1O)[C@@H](O)CNCCCCCCCCCN1CCC(CC1)OC(=O)Nc1ccccc1-c1ccccc1","61.0"
"OCc1cc(ccc1O)C(O)CNCCCCCCOCCCCc1ccccc1","2.4"
"Oc1cc(cc(O)c1O)C(=O)Oc1cc(cc(O)c1O)C(=O)OC[C@H]1O[C@@H](OC(=O)c2cc(O)c(O)c(OC(=O)c3cc(O)c(O)c(O)c3)c2)[C@H](OC(=O)c2cc(O)c(O)c(OC(=O)c3cc(O)c(O)c(O)c3)c2)[C@@H](OC(=O)c2cc(O)c(O)c(OC(=O)c3cc(O)c(O)c(O)c3)c2)[C@@H]1OC(=O)c1cc(O)c(O)c(OC(=O)c2cc(O)c(O)c(O)c2)c1",
"Clc1ccc(cc1Cl)C(=O)N[C@H]1CCN(Cc2ccc(OC3CCNCC3)c(Br)c2)C1","10000.0"
"NC(=O)c1cccnc1",
"CC1=Nc2ccc(Cl)cc2S(=O)(=O)N1",
"COc1ccc2[C@H]3CC[C@@]4(C)[C@@H](CC[C@@]4(O)C#C)[C@@H]3CCc2c1",
"COc1ccc(CCNC[C@H](O)c2cc(O)cc(O)c2)cc1","100.93"
"COc1ccc(C[C@H](C)NC[C@H](O)c2cc(O)cc(O)c2)cc1","26.0"
"CN1CCCCC1C(=O)Nc1c(C)cccc1C",
"CC[C@H](C)[C@@H](CO[C@@H](Cc1ccccc1)C(=O)N[C@@H](CCS(C)(=O)=O)C(=O)OC(C)C)NC[C@@H](N)CS",
"Cc1c(C)c2OC(C)(CN3CCN(CC3)c3cc(nc(n3)N3CCCC3)N3CCCC3)CCc2c(C)c1O",
"Cc1ccc(cc1)C(=O)c1ccc(CC(O)=O)n1C",
"COc1ccc(C[C@H](NC[C@H](O)c2cc(O)cc(O)c2)C(C)C)cc1","29174.27"
"COc1ccc(C[C@@H](C)NC[C@@H](O)c2cc(O)cc(O)c2)cc1","90.99"
"C[C@]12CC(=O)[C@H]3[C@@H](CCC4=CC(=O)CC[C@]34C)[C@@H]1CC[C@]2(O)C(=O)CO",
"COc1cc(ccc1Cc1cn(C)c2ccc(NC(=O)OC3CCCC3)cc12)C(=O)NS(=O)(=O)c1ccccc1C",
"[Li+].CN(CC[C@@H](Oc1ccc(cc1)C(F)(F)F)c1ccccc1)CC([O-])=O","10000.0"
"COc1ccccc1OCCNC[C@H](O)Cc1ccc(O)c(O)c1","5200.0"
"CCOC(=O)c1oc2cccc(OC[C@@H](O)CNC(C)C)c2c1C","9.0"
"CN(C)C(=O)Oc1cc(OC(=O)N(C)C)cc(c1)C(O)CNC(C)(C)C",
"O=C1N([C@H]2CCC(=O)NC2=O)C(=O)c2ccccc12",
"COc1ccccc1OCCNC[C@@H](O)COc1ccc(O)c(O)c1","7900.0"
"O=c1cc(oc2c3ccccc3ccc12)-c1ccccc1",
"NCCCCCC(O)=O",
"C[C@H]([C@](O)(Cn1cncn1)c1ccc(F)cc1F)S(C)(=O)=O",
"CC(=O)Nc1ccc(O)cc1",
"CO[C@]1(NC(=O)CSCC#N)[C@H]2SCC(CSc3nnnn3C)=C(N2C1=O)C(O)=O",
"NNCCc1ccccc1",
"Fc1ccc(cc1)C(=O)CCCN1CCC(=CC1)n1c2ccccc2[nH]c1=O",
"CCCC(C)C1(CC=C)C(=O)NC(=O)NC1=O",
"COc1cc(CCNC[C@H](O)c2ccc(O)c(O)c2)ccc1OCCCc1ccccc1","18.0"
"CS(=O)(=O)Nc1cc(ccc1O)[C@@H](O)CNC1CCN(CC1)c1ccc(cc1)C(=O)NCC(O)=O","11600.0"
"COc1ccccc1OCCNC[C@H](O)c1ccc(O)c(O)c1","97.0"
"[Na+].[O-]S(=O)(=O)CCS",
"CC(=O)OCC(=O)[C@@]1(O)CC[C@H]2[C@@H]3CCC4=CC(=O)CC[C@]4(C)[C@H]3C(=O)C[C@]12C",
"CC(C)(Oc1ccc(cc1)C1CCCc2ccccc12)C(O)=O",
"NC[C@H]1O[C@H](O[C@@H]2[C@@H](N)C[C@@H](N)[C@H](O[C@H]3O[C@H](CO)[C@@H](O)[C@H](N)[C@H]3O)[C@H]2O)[C@H](O)[C@@H](O)[C@@H]1O",
"Clc1ccccc1C(c1ccccc1)(c1ccccc1)n1ccnc1",
"CN(C)\\N=N\\c1[nH]cnc1C(N)=O",
"COc1cc(C=CC)ccc1O",
"C[N+](C)(C)CCOP([O-])(=O)OC[C@H](O)CO",
"Clc1ccc(CSC(Cn2ccnc2)c2ccc(Cl)cc2Cl)cc1",
"Clc1ccc2n(C3CCN(CCCn4c5ccccc5[nH]c4=O)CC3)c(=O)[nH]c2c1",
"Cc1cc(C2CCCCC2)n(O)c(=O)c1",
"CN(C)CCCN1c2ccccc2Sc2ccc(Cl)cc12",
"CCO",
"COc1ccc(CCN(C)CCCC(C#N)(C(C)C)c2ccc(OC)c(OC)c2)cc1OC",
"CC(C)NCC(O)COc1cccc2ccccc12","0.767"
"Fc1cccc(CN2C3CCC2CC3)c1",
"Cl.Cc1ccc(Sc2ccccc2N2CCNCC2)c(C)c1","560.0"
"Nc1nc2[nH]cnc2c(=S)[nH]1",
"CC(C)c1ccccc1OCC(O)CN1CCC(CN2C(=O)c3ccccc3C2=O)CC1","17.0"
"CNS(=O)(=O)Cc1ccc2[nH]cc(CCN(C)C)c2c1",
"COc1ccc(C[C@@H](C)NC[C@H](O)c2cc(O)cc(O)c2)cc1","478.63"
"C[C@@H](Cc1ccc(O)cc1)NC[C@H](O)c1cc(O)cc(O)c1","3690.0"
"COc1cccc(OCC(O)CNC2CCN(CC2)c2ncnc3scc(-c4ccccc4)c23)c1","30.0"
"C[C@@H](Cc1ccc2ccccc2c1)NC[C@H](O)c1cc(O)cc(O)c1","510.0"
"Fc1cccc(CCCN2CCCC2)c1",
"CCOc1cccc(c1)[C@H]1CCC[C@H]1NC[C@H](O)c1ccc(O)c2[nH]c(=O)sc12","266.0"
"O[C@@H](CNCCc1ccc(NC[C@H](O)c2ccccc2)cc1)c1ccc(O)c(NC=O)c1","3.162"
"OCc1cc(ccc1O)C(O)CNCCc1ccc(cc1)N1CCN(CC1)c1ccccc1","31622.78"
"Cc1ccnc(NS(=O)(=O)c2ccc(N)cc2)n1",
"OCCNCCNc1ccc(NCCNCCO)c2C(=O)c3c(O)ccc(O)c3C(=O)c12",
"CCCC(CCC)C(O)=O",
"O[C@@H](CN[C@H]1CCCc2ccccc12)c1ccc(O)c2[nH]c(=O)sc12","30.2"
"CCc1nc(N2CCN(C)CC2)c2oc3ccccc3c2n1","10000.0"
"COc1ccc2c(c1)[nH]c1c(ncnc21)N1CCN(C)CC1","10000.0"
"CN1CCN(CC1)c1nc(C)nc2c3ccccc3oc12","10000.0"
"CCN(Cc1ccncc1)C(=O)C(CO)c1ccccc1",
"CS(=O)(=O)c1ccc(cc1)[C@@H](O)[C@@H](CO)NC(=O)C(Cl)Cl",
"COCCc1ccc(OC[C@H](O)CNCCc2ccc(OCCCSSCCN)c(OC)c2)cc1","320.0"
"CCN(CC)CCOc1ccc(cc1)C(=C(\\Cl)c1ccccc1)\\c1ccccc1",
"Cl.NC[C@H]1CC[C@@H](CC1)C(=O)Oc1ccc(CCC(O)=O)cc1",
"Cc1ccc(CN(CC(O)COc2cccc3[nH]ccc23)C(C)(C)C)cc1","1300.0"
"C[C@H]1O[C@@H](O[C@@H]2C[C@@H]3O[C@@](O)(C[C@H](O)[C@H]3C(O)=O)C[C@@H](O)[C@H](O)CC[C@@H](O)C[C@@H](O)C[C@@H](O)CC(=O)O[C@@H](C)[C@H](C)[C@H](O)[C@@H](C)\\C=C\\C=C\\CC\\C=C\\C=C\\C=C\\C=C\\2)[C@@H](O)[C@@H](N)[C@@H]1O",
"CS(=O)(=O)Oc1cccc2c(CCNC[C@H](O)c3cccc(NS(=O)(=O)c4cccs4)c3)c[nH]c12","223.0"
"COc1ccc(C[C@H](C)NC[C@H](O)c2cc(O)cc(O)c2)c2ccccc12","12.71"
"C[C@H](Cc1ccc(O)cc1)NC[C@@H](O)c1cc(O)cc(O)c1","1828.1"
"CC\\C(=C(\\CC)c1ccc(O)cc1)c1ccc(O)cc1",
"CCC[C@@H](Cc1ccc(OC)cc1)NC[C@H](O)c1cc(O)cc(O)c1","4742.42"
"[O-][S+](CCC1C(=O)N(N(C1=O)c1ccccc1)c1ccccc1)c1ccccc1",
"CCCCCCCCC(=O)Nc1ccc(cc1)S(=O)(=O)N1CCC(CNC[C@H](O)c2ccc(O)c(NS(C)(=O)=O)c2)CC1","140.0"
"CN(CCCNC[C@H](O)c1ccc(O)c2[nH]c(=O)sc12)c1ccccc1","0.3"
"OCc1cc(ccc1O)C(O)CNCCc1ccc(Nc2cccc(c2)-c2ccccc2)cc1","316.23"
"COc1ccc(Nc2ccc(CCNCC(O)c3ccc(O)c(CO)c3)cc2)cc1-c1ccccc1","63.1"
"CSc1ccc(Nc2ccc(CCNCC(O)c3ccc(O)c(CO)c3)cc2)cc1","79.43"
"NC1=NC(=O)C(O1)c1ccccc1",
"O[C@@H](CN[C@@H]1CCC[C@@H]1CCc1ccccc1)c1ccc(O)c2[nH]c(=O)sc12","0.4"
"CC(C)[C@H]1CCC[C@H]1NC[C@H](O)c1ccc(O)c2[nH]c(=O)sc12","4.2"
"C[C@H](Cc1ccc(O)cc1)NC[C@H](O)c1cc(O)cc(O)c1","346.74"
"C[C@@H](Cc1cccc2ccccc12)NC[C@H](O)c1cc(O)cc(O)c1","341.0"
"Sc1ncnc2nc[nH]c12",
"CNC[C@H](O)c1ccc(O)c(O)c1","196.0"
"CN(C)CCOC(c1ccccc1)c1ccccc1",
"CC[C@H]1OC(=O)[C@H](C)[C@@H](O[C@H]2C[C@@](C)(OC)[C@@H](O)[C@H](C)O2)[C@H](C)[C@@H](O[C@@H]2O[C@H](C)C[C@@H]([C@H]2OC(=O)CC)N(C)C)[C@](C)(O)C[C@@H](C)C(=O)[C@H](C)[C@@H](O)[C@]1(C)O",
"CC[C@H]1CN2CCc3cc(OC)c(OC)cc3[C@@H]2C[C@@H]1C[C@H]1NCCc2cc(OC)c(OC)cc12",
"COc1ccc(cc1)[C@@H]1Sc2ccccc2N(CCN(C)C)C(=O)[C@@H]1OC(C)=O",
"O=c1[nH]c2c3ccccc3[nH]c2c(=O)n1CCN1CCOCC1",
"CN1CCN=C1Cc1cccnc1","10000.0"
"COc1ccc(cc1OC)[C@@H](Cc1ccccc1)NC[C@H](O)Cc1ccc(O)c(NS(C)(=O)=O)c1","1500.0"
"CC(C)NC(C)C(O)COc1ccc(C)c2CCCc12","0.13"
"O[C@@H](CNCCc1ccccc1)c1ccc(O)c2[nH]c(=O)sc12","1.8"
"CC(C)(Cc1ccccc1)NC[C@H](O)c1ccc(O)c2[nH]c(=O)sc12","0.4"
"C[C@H]1C[C@H]2[C@@H]3CCC4=CC(=O)C=C[C@]4(C)[C@@]3(Cl)[C@@H](O)C[C@]2(C)[C@@]1(O)C(=O)CO",
"CN[C@H]1CC[C@@H](c2ccc(Cl)c(Cl)c2)c2ccccc12",
"CN1C2CCCC1CC(C2)NC(=O)c1nn(C)c2ccccc12",
"COC(=O)[C@H]1[C@@H](O)CC[C@H]2CN3CCc4c([nH]c5ccccc45)[C@@H]3C[C@H]12",
"C[C@]12CC[C@H]3[C@@H](CCC4=CC(=O)CC[C@]34C)[C@@H]1CC[C@@]2(O)C#C",
"COc1ccc(cc1)C(=O)N1CCCC1=O",
"[Cl-].C[n+]1ccccc1\\C=N\\O",
"OC(=O)P(O)(O)=O",
"COc1ccc2nc(-c3ccc(OCC(O)CNC(C)CF)cc3)n(C)c(=O)c2c1","10000.0"
"Clc1ccc(CON=C(Cn2ccnc2)c2ccc(Cl)cc2Cl)c(Cl)c1",
"CC(C)(O)c1ccccc1CC[C@@H](SCC1(CC(O)=O)CC1)c1cccc(\\C=C\\c2ccc3ccc(Cl)cc3n2)c1","2398.0"
"CCC[C@H](Cc1ccc(OC)cc1)NC[C@H](O)c1cc(O)cc(O)c1","250.0"
"Cc1nc2c3CCNCCc3nc(Cc3ccccc3)n2n1","7600.0"
"CC(=O)OCC(=O)[C@@]1(O)CC[C@H]2[C@@H]3CCC4=CC(=O)CC[C@]4(C)[C@@]3(F)[C@@H](O)C[C@]12C",
"CO[C@H]1C=CO[C@@]2(C)Oc3c(C2=O)c2c(O)c(\\C=N\\N4CCN(C)CC4)c(NC(=O)C(C)=CC=C[C@H](C)[C@H](O)[C@@H](C)[C@@H](O)[C@@H](C)[C@H](OC(C)=O)[C@@H]1C)c(O)c2c(O)c3C",
"O=C1CC2(CCCC2)CC(=O)N1CCCCN1CCN(CC1)c1ncccn1",
"CC(CCc1ccc(O)cc1)NCCc1ccc(O)c(O)c1","1043.0"
"CCC[C@@H](Cc1ccc(OC)cc1)NC[C@H](O)c1cc(O)cc(O)c1","4740.0"
"OCC(O)=O",
"OC(=O)c1cc(ccc1O)-c1ccc(F)cc1F",
"CC(CCc1ccc(O)cc1)NCC(O)c1ccc(O)cc1","180.0"
"NC(=O)C([C@@H]1CCN(CCc2ccc3OCCc3c2)C1)(c1ccccc1)c1ccccc1","61.0"
"OC(CNCCCCCCCCC[N+]12CCC(CC1)[C@H](C2)OC(=O)Nc1ccccc1-c1ccccc1)c1ccc(O)c2[nH]c(=O)ccc12","123.0"
"Cc1cc(NS(=O)(=O)c2ccc(N)cc2)no1",
"O[C@@H](CN[C@H]1CCC[C@@H]1OCc1ccccc1)c1ccc(O)c2[nH]c(=O)sc12","2.5"
"COc1ccc(Nc2ccc(CCNC[C@H](O)c3ccc(O)c4[nH]c(=O)ccc34)cc2)cc1-c1ccccc1CN","3.162"
"O[C@@H](CNCCCCCCCN1CCC(CC1)OC(=O)Nc1ccccc1-c1ccccc1)c1ccc(O)c2[nH]c(=O)ccc12","10.0"
"COc1cc(CCNC[C@H](O)COc2cccc3ccccc23)ccc1OCCCSSCCN","0.073"
"CN(C(=S)Oc1ccc2ccccc2c1)c1cccc(C)c1",
"ClCCN(CCCl)P1(=O)NCCCO1",
"COc1ccc(C[C@@H](C)NC[C@@H](O)c2cc(O)cc(O)c2)cc1","91.3"
"Cc1ccccc1N1CCN(CCc2nnc3CCCCn23)CC1",
"CCCCOc1cccc(CCNC[C@H](O)c2ccc(O)c3[nH]c(=O)sc23)c1","1.7"
"Cc1ccc(cc1)[C@H]1CCC[C@H]1NC[C@H](O)c1ccc(O)c2[nH]c(=O)sc12","149.0"
"COc1ccc(C[C@@H](C)NC[C@H](O)c2cc(O)cc(O)c2)c2ccccc12","13.58"
"CCN(CC)CCOC(=O)c1ccc(N)cc1",
"COc1ccc(CC(C)NCC(O)c2ccc(O)c(NC=O)c2)cc1","2.6"
"O[C@@H](CN[C@H]1CCC[C@H]1C1CCCC1)c1ccc(O)c2[nH]c(=O)sc12","6.7"
"O[C@@H](CN[C@H]1CCC[C@@H]1C1CCCC1)c1ccc(O)c2[nH]c(=O)sc12","0.6"
"C[C@H](Cc1ccc(OCC(=O)NO)cc1)NC[C@H](O)c1cccc(Cl)c1","112.0"
"Cc1ccccc1[C@H]1CCC[C@H]1NC[C@H](O)c1ccc(O)c2[nH]c(=O)sc12","7.1"
"COc1cc2nc(nc(N)c2cc1OC)N1CCN(CC1)C(=O)C1COc2ccccc2O1","1889.0"
"O[C@@H](CNC1Cc2ccccc2C1)c1ccc(O)c2[nH]c(=O)ccc12","218.0"
"COc1cc2nc(nc(N)c2cc1OC)N1CCN(CC1)C(=O)c1ccco1",
"COc1ccc(CCNC[C@@H](O)c2cc(O)cc(O)c2)cc1","1150.0"
"CC[C@H](Cc1ccc(OC)cc1)NC[C@H](O)c1cc(O)cc(O)c1","35.7"
"C[C@](O)(CS(=O)(=O)c1ccc(F)cc1)C(=O)Nc1ccc(C#N)c(c1)C(F)(F)F",
"C[C@@H]1C[C@H]2[C@@H]3CCC4=CC(=O)C=C[C@]4(C)[C@@]3(F)[C@@H](O)C[C@]2(C)[C@@]1(O)C(=O)CO",
"CCCC[C@H](C)NC[C@@H](O)c1cc(O)cc(O)c1","56420.0"
"Clc1ccc2oc(=O)[nH]c2c1",
"C[C@@H](Cc1ccc(O)cc1)NC[C@H](O)c1cc(O)cc(O)c1","3715.35"
"ClC(Cl)Cl",
"NCCCOc1ccc(Nc2ccc(CCNC[C@H](O)c3ccc(O)c4[nH]c(=O)ccc34)cc2)cc1","5.012"
"CC(C)(C)NC[C@H](O)COc1cccc2C(=O)CCCc12","0.546"
"CC(=O)[C@@]1(O)CC[C@H]2[C@@H]3CCC4=CC(=O)CC[C@]4(C)[C@H]3CC[C@]12C",
"CNC1(CCCCC1=O)c1ccccc1Cl",
"COc1ccccc1N1CCN(CCCNC(=O)NN(Cc2ccc(F)cc2)c2ccccc2)CC1","4500.0"
"CN1C[C@@H](C=C2[C@H]1Cc1c[nH]c3cccc2c13)C(=O)N[C@]1(C)O[C@@]2(O)[C@@H]3CCCN3C(=O)[C@H](Cc3ccccc3)N2C1=O","1898.0"
"CCCCCCCCc1ccc(O)cc1",
"CCN(CC)CCNC(=O)c1cc(ccc1OC)S(C)(=O)=O",
"CN(C\\C=C\\C#CC(C)(C)C)Cc1cccc2ccccc12",
"Nn1nnc2ccccc12",
"CC(C)C[C@@H]1N2C(=O)[C@](NC(=O)[C@H]3CN(C)[C@@H]4Cc5c[nH]c6cccc(C4=C3)c56)(O[C@@]2(O)[C@@H]2CCCN2C1=O)C(C)C",
"CC(N)c1ccc(Cl)cc1","1000000.0"
"NN",
"[O-][N+](=O)c1ccc(\\C=N\\N2CCOC2=O)o1",
"C[C@@H](Cc1ccc(O)cc1)NC[C@H](O)c1cc(O)cc(O)c1","3695.0"
"CN(Cc1ccc(cc1)C(C)(C)C)Cc1cccc2ccccc12",
"OCc1cc(ccc1O)C(O)CNCCCCCCOCCCCc1ccccc1","0.18"
"COc1ccccc1OCCNCCc1ccc(O)c(O)c1","610.0"
"C[C@H](Cc1ccc(O)cc1)NC[C@@H](O)c1cc(O)cc(O)c1","10300.0"
"CC(C)(C)NCC(O)c1cc(NS(C)(=O)=O)no1","100000.0"
"C[C@H](Cc1ccccc1)NC[C@H](O)c1cc(O)cc(O)c1","2934.0"
"C[C@@H](Cc1ccc(O)cc1)NC[C@@H](O)c1cc(O)cc(O)c1","27749.0"
"COc1ccc(C[C@@H](C)NC[C@H](O)c2cc(O)cc(O)c2)cc1","474.0"
"COc1ccc(Nc2ccc(CCNC[C@H](O)c3ccc(O)c4[nH]c(=O)ccc34)cc2)cc1-c1ccccc1","6.31"
"Oc1nc2c(O)ccc(CCNCCS(=O)(=O)CCCOCCc3ccccc3)c2s1","4.0"
"COc1c(I)cc(CC2NCCc3cc(O)c(O)cc23)cc1I","2.042"
"OC[C@H]1O[C@H]([C@H](O)[C@@H]1O)n1ncc(=O)[nH]c1=O",
"OCc1cc(ccc1O)C(O)CNCCCCCCOCCCCc1ccccc1","184.0"
"OCc1cc(ccc1O)C(O)CNCCCCCCOCCCCc1ccccc1","0.39"
"O[C@@H](CN[C@@H]1CCCc2ccccc12)c1ccc(O)c2[nH]c(=O)sc12","9.4"
"N[C@H](CSC(=S)NCc1ccccc1)C(O)=O",
"Cc1cc(C(C#N)c2ccc(Cl)cc2)c(Cl)cc1NC(=O)c1cc(I)cc(I)c1O",
"CN(C)CCCN1c2ccccc2CCc2ccc(Cl)cc12",
"O[C@@H](CN[C@@H]1CCC[C@@H]1c1ccccc1)c1ccc(O)c2[nH]c(=O)sc12","5.5"
"Oc1c(Cc2c(O)c3ccccc3oc2=O)c(=O)oc2ccccc12",
"CN(C)CC[C@@H](c1ccc(Cl)cc1)c1ccccn1",
"Clc1ccc2c(CCc3cccnc3C2=C2CCNCC2)c1",
"COc1ccccc1OCCNC[C@@H](O)c1ccc(O)c(O)c1","850.0"
"COc1cc(CCNC[C@H](O)c2ccc(O)c3[nH]c(=O)ccc23)ccc1OCCCc1ccccc1","0.48"
"CCCN(CCC)[C@H]1CCc2c(O)cccc2C1","40000.0"
"COc1cc(CCNC[C@@H](O)c2ccc(O)c(O)c2)ccc1OCCCc1ccccc1","47.0"
"NCCc1ccc(O)c(O)c1","61000.0"
"NC[C@H](O)c1ccc(O)c(O)c1","3300.0"
"CC(C)OC(=O)C(C)(C)Oc1ccc(cc1)C(=O)c1ccc(Cl)cc1",
"CNC[C@H](O)c1ccc(O)c(O)c1","360.0"
"Nc1nc(F)nc2n(cnc12)[C@@H]1O[C@H](CO)[C@@H](O)[C@@H]1O",
"CNCCc1ccccn1",
"COc1ccc(CC2CCN(CC(O)COc3cccc4[nH]c5ccccc5c34)CC2)cc1","0.2"
"CC1COc2c(N3CCN(C)CC3)c(F)cc3c2n1cc(C(O)=O)c3=O",
"O=C(Cc1ccccc1)NC1CCN(CCCN2C(=O)COc3ccccc23)CC1","1000.0"
"OC(COc1ccccc1CC=C)CN1CCC(CN2C(=O)c3ccccc3C2=O)CC1","50.0"
"CC(C)(C)NCC(O)c1ccc(O)c(CO)c1","1828.0"
"Cc1[nH]c(=O)c(cc1-c1ccncc1)C#N",
"CC(C)(C)c1ccc(cc1)C(O)CCCN1CCC(CC1)C(O)(c1ccccc1)c1ccccc1",
"CC(C)NC(C)C(O)COc1ccc(C)c2CCCc12","0.5"
"CCOc1ccc(Nc2ccc(CCNCC(O)c3ccc(O)c(CO)c3)cc2)cc1","158.49"
"CCCc1cccc(CCNC[C@H](O)c2ccc(O)c3[nH]c(=O)sc23)c1","3.2"
"CCc1cccc(c1)[C@H]1CCC[C@H]1NC[C@H](O)c1ccc(O)c2[nH]c(=O)sc12","12.0"
"Oc1ccc(cc1[N+]([O-])=O)[As](O)(O)=O",
"CCCCCCCCN[C@H](C)[C@@H](O)c1ccc(SC(C)C)cc1",
"O[C@@H](CN[C@@H]1CCC[C@@H]1C1CCCCC1)c1ccc(O)c2[nH]c(=O)sc12","2.0"
"CN([C@H]1CC[C@@]2(CCCO2)C[C@@H]1N1CCCC1)C(=O)Cc1ccc(Cl)c(Cl)c1",
"Oc1c(Cl)cc(Cl)cc1C(=O)Nc1ccc(Cl)c(Cl)c1",
"CCCSc1ccc2[nH]c(NC(=O)OC)nc2c1",
"CCC1=C(C)CN(C(=O)NCCc2ccc(cc2)S(=O)(=O)NC(=O)N[C@H]2CC[C@H](C)CC2)C1=O",
"C[C@H](C(O)=O)c1ccc2oc(nc2c1)-c1ccc(F)cc1",
"C[C@H](Cc1ncc(CCC(O)=O)s1)NC[C@H](O)COc1ccccc1","1230.0"
"COc1ccc(C[C@H](C)NC[C@@H](O)c2cc(O)cc(O)c2)cc1","2870.78"
"CCn1cc(C(O)=O)c(=O)c2cc(F)c(N3CCNC(C)C3)c(F)c12",
"N(c1ccccc1)c1ccc(Nc2ccccc2)cc1",
"CCCNCC(O)COc1ccccc1C(=O)CCc1ccccc1","36.0"
"OC(Cc1cccnc1)(P(O)(O)=O)P(O)(O)=O",
"CN1CCC(CC1)=C1c2ccsc2C(=O)Cc2ccccc12",
"OC[C@H]1O[C@H](C[C@@H]1O)n1cc(F)c(=O)[nH]c1=O",
"Cn1cnc(c1Sc1ncnc2[nH]cnc12)[N+]([O-])=O",
"CCN(C(C)=O)c1cccc(c1)-c1ccnc2c(cnn12)C#N",
"CN1C(C(=O)Nc2ncc(C)s2)=C(O)c2ccccc2S1(=O)=O",
"NCCOc1ccc(Nc2ccc(CCNC[C@H](O)c3ccc(O)c4[nH]c(=O)ccc34)cc2)cc1","6.31"
"NCc1ccc(cc1)-c1ncccn1","78100.0"
"O=c1[nH]c2c3ccccc3[nH]c2c(=O)n1CCN1CCCC1",
"CC(NC1CC(C1)c1ccc(F)cc1)c1ccc(Cl)cc1","74000.0"
"C[C@@H](Cc1ccc(N)cc1)NC[C@H](O)c1cc(O)cc(O)c1","6040.0"
"CC[C@]1(O)CC[C@H]2[C@@H]3CCC4=CCCC[C@@H]4[C@H]3CC[C@]12C",
"OS(O)(=O)=O.NC(=N)NCCCCNC(N)=N",
"CCCC[C@@H](C)NC[C@H](O)c1cc(O)cc(O)c1","9280.0"
"CCN(CCO)CCCC(C)Nc1ccnc2cc(Cl)ccc12",
"NCC(O)=O",
"[Na+].[Na+].C[C@H](Cc1ccc2OC(Oc2c1)(C([O-])=O)C([O-])=O)NC[C@H](O)c1cccc(Cl)c1","79200.0"
"COc1ccccc1OCCNCCCc1ccc(O)c(O)c1","920.0"
"NC[C@H](O)c1cc(O)c(O)cc1F","39800.0"
"CO[C@H]1C=CO[C@@]2(C)Oc3c(C2=O)c2c(O)c(\\C=N\\N4CCN(CC4)C4CCCC4)c(NC(=O)C(C)=CC=C[C@H](C)[C@H](O)[C@@H](C)[C@@H](O)[C@@H](C)[C@H](OC(C)=O)[C@@H]1C)c(O)c2c(O)c3C",
"NC1CCN(C1)c1nc2n(cc(C(O)=O)c(=O)c2cc1F)-c1ccc(F)cc1F",
"CCCCC(=O)N(Cc1ccc(cc1)-c1ccccc1-c1nnn[nH]1)[C@@H](C(C)C)C(O)=O",
"Cc1c(O)cccc1C(=O)N[C@@H](CSc1ccccc1)[C@H](O)CN1C[C@H]2CCCC[C@H]2C[C@H]1C(=O)NC(C)(C)C",
"CC1CN(CCN1)c1cc2n(cc(C(O)=O)c(=O)c2c(C)c1F)C1CC1",
"Cc1ccc(cc1)S(=O)(=O)NC(=O)NN1CCCCCC1",
"CC(C)(C)NCC(O)COc1cccc2C[C@@H](O)[C@@H](O)Cc12",
"C(Cc1ccccn1)N1CCCC1",
"CC(=O)Nc1c(I)c(NC(C)=O)c(I)c(C(O)=O)c1I",
"[Br-].CN(C)C(=O)Oc1cccc(c1)[N+](C)(C)C",
"CCN(CC)C(=S)SSC(=S)N(CC)CC",
"CCOc1nc2cccc(C(O)=O)c2n1Cc1ccc(cc1)-c1ccccc1-c1nnn[nH]1",
"[K+].[K+].CC(C)CC(=O)O[C@H]1[C@H](O[C@@H]2C[C@H]([C@H]3CC[C@@]45C[C@@H](CCC4[C@]3(C)C2)C(=C)[C@H]5O)C(O)=O)O[C@H](CO)[C@@H](OS([O-])(=O)=O)[C@@H]1OS([O-])(=O)=O",
"CCCCC1CCN(CCCC(=O)c2ccccc2C)CC1","1000.0"
"NC[C@H](O)c1cc(O)c(O)cc1F","19500.0"
"NC[C@H](O)c1ccc(O)c(O)c1F","188000.0"
"COc1c(N2CCNC(C)C2)c(F)cc2c1n(cc(C(O)=O)c2=O)C1CC1",
"Oc1ccccc1O",
"COc1cc(CC=C)ccc1O",
"CC(C)NCC(O)COc1cccc2[nH]c3ccccc3c12","0.114"
"CC(O)CNCCOc1ccccc1-c1ccccc1","9.0"
"OCc1cc(ccc1O)C(O)CNCCCCCCOCCCCc1ccccc1","1.5"
"CCCc1ccc(CCNC[C@H](O)c2ccc(O)c3[nH]c(=O)sc23)cc1","19.0"
"C(Oc1cc(COc2ccccc2)on1)[C@@H]1CCCN1","10000.0"
"OCc1ccc(OCC(O)CNC2CCN(CC2)c2ncnc3scc(-c4ccccc4)c23)cc1","93.0"
"OCc1cc(OCC(O)CNC2CCN(CC2)c2ncnc3scc(-c4ccccc4)c23)ccc1O","14.0"
"Fc1cccc(CCCN2C3CCC2CC3)c1",
"CC(C)(C)NCC(O)COc1cccc2[nH]cc(CC(N)=O)c12","23.5"
"OCCO",
"CC1(COC1)NCc1cc2ccccc2s1","1000000.0"
"CN1CCN(Cc2ccc(cc2)C(=O)Nc2ccc(C)c(Nc3nccc(n3)-c3cccnc3)c2)CC1",
"COc1ccc(CN(CCN(C)C)c2ccccn2)cc1",
"OC(CNC1CCN(CC1)c1ncnc2sccc12)COc1ccccc1","189.0"
"[Cl-].COc1cc2CC[N+](C)(C)[C@@H]3Cc4ccc(O)c(Oc5cc6[C@H](Cc7ccc(Oc(c1O)c23)cc7)N(C)CCc6cc5OC)c4",
"Nc1nc2n(COCCO)cnc2c(=O)[nH]1",
"CC(O)CO",
"OCc1ccccc1",
"COC(=O)CCc1ccc(OCC(O)CNC(C)C)cc1",
"O=C1C(C(=O)c2ccccc12)c1ccccc1",
"C[C@]1(Cn2ccnn2)[C@@H](N2[C@@H](CC2=O)S1(=O)=O)C(O)=O",
"CC(C)C[C@H](NC(=O)[C@@H](O)[C@H](N)Cc1ccccc1)C(O)=O",
"Cn1cc(nc1-c1ccc(OC[C@@H](O)CNCCOc2ccc(OCCCSSCCN)c(c2)C(N)=O)cc1)C(F)(F)F","1400.0"
"Cn1cc(nc1-c1ccc(OCC(O)CNCCOc2ccc(O)c(c2)C(N)=O)cc1)C(F)(F)F","1000.0"
"CCC1=C[C@@H]2CN(C1)Cc1c([nH]c3ccccc13)[C@@](C2)(C(=O)OC)c1cc2c(cc1OC)N(C)[C@@H]1[C@]22CCN3CC=C[C@](CC)([C@@H]23)[C@@H](OC(C)=O)[C@]1(O)C(=O)OC",
"COc1cc2CC(Cc2cc1OC)NC[C@H](O)c1ccc(O)c2[nH]c(=O)ccc12","342.0"
"OC(=O)COc1ccc(C(=O)c2cccs2)c(Cl)c1Cl",
"Oc1cccc2cccnc12",
"N[C@H]1[C@@H]2CN(C[C@H]12)c1nc2n(cc(C(O)=O)c(=O)c2cc1F)-c1ccc(F)cc1F",
"Cc1c(OCC(F)(F)F)ccnc1C[S+]([O-])c1nc2ccccc2[nH]1",
"COc1c2occc2cc2ccc(=O)oc12",
"COc1ccnc(C[S+]([O-])c2nc3cc(OC(F)F)ccc3[nH]2)c1OC",
"CN1CC[C@H]2CC(=O)[C@H](Cc3ccccc3)[C@H]3CCC[C@@H]1[C@H]23","10000.0"
"CC(=O)Oc1ccccc1C(O)=O",
"CC(CN1c2ccccc2Sc2ccccc12)N(C)C",
"CCc1cc2CC(C)(Cc2cc1CC)NC[C@H](O)c1ccc(O)c2[nH]c(=O)ccc12","0.6"
"Cc1c[nH]c2cccc(OCC(O)CN3CCN(CC3)C(c3ccccc3)c3ccccc3)c12","0.311"
"O[C@@H](CNCCCCCCCCOc1cccc(c1)C(NC(=O)O[C@H]1CN2CCC1CC2)c1ccccc1)c1ccc(O)c2[nH]c(=O)ccc12","0.1995"
"O=C1C[C@@H]2OCC=C3CN4CC[C@@]56[C@@H]4C[C@@H]3[C@@H]2[C@@H]5N1c1ccccc61",
"COc1ccc(CC(C)NCC(O)c2ccc(O)c(NC=O)c2)cc1","33.0"
"NC(=O)C([C@@H]1CCN(CCCCCCCCCNCC(O)c2ccc(O)c3[nH]c(=O)ccc23)C1)(c1ccccc1)c1ccccc1","60.0"
"OCc1cc(ccc1O)C(O)CNCCc1ccc(cc1)N1CCC(CC1)C(=O)c1ccccc1","39810.72"
"NC(N)=Nc1nc(CSCC\\C(N)=N\\S(N)(=O)=O)cs1",
"CC(C)OP(O)(=O)COc1ccc(C[C@@H](C)NC[C@H](O)c2cccc(Cl)c2)cc1","42600.0"
"CS(=O)(=O)c1cccc2c(CCNC[C@H](O)c3cccc(NS(=O)(=O)c4cccc(N)c4)c3)c[nH]c12","70.0"
"CC(C)=CCC\\C(C)=C\\CO",
"OC(COc1ccccc1CC=C)CN1CCC(CN2C(=O)c3cccc4cccc(C2=O)c34)CC1","80.0"
"CC(C)Cc1ccc(cc1)C(C)C(O)=O",
"CON=C(C(=O)N[C@H]1[C@H]2SCC(COC(C)=O)=C(N2C1=O)C(O)=O)c1csc(N)n1",
"CC(C)(Oc1ccc(CCNC(=O)c2ccc(Cl)cc2)cc1)C(O)=O",
"Oc1cc2CCNC(Cc3cc(I)cc(I)c3)c2cc1O","0.302"
"C[C@H](Cc1cccc2ccccc12)NC[C@@H](O)c1cc(O)cc(O)c1","1784.0"
"O[C@@H](CNCCCCCCCCCOc1cccc(c1)C(NC(=O)O[C@H]1CN2CCC1CC2)c1ccccc1)c1ccc(O)c2[nH]c(=O)ccc12","0.1995"
"COc1ccc(OCCN2CCN(CC2)C(=O)c2cc3ccccc3[nH]2)cc1",
"COc1ccccc1OCCNC[C@H](O)c1ccc(O)c(O)c1","97.0"
"COc1cc(CC2NCCc3cc(O)c(O)cc23)cc(OC)c1OC","43.65"
"COc1ccccc1N1CCN(CCCn2c(=O)[nH]c3c4ccccc4[nH]c3c2=O)CC1","1181.0"
"CCCc1cc2CC(Cc2cc1CCC)NC[C@H](O)c1ccc(O)c2[nH]c(=O)ccc12","119.0"
"c1ccc2c(c1)cc1ccc3cccc4ccc2c1c34",
"CCc1ccc(CC)c2CC(Cc12)NC[C@H](O)c1ccc(O)c2[nH]c(=O)ccc12","692.0"
"C[S+](C)[O-]",
"C[C@H](Cc1c[nH]c2ccccc12)NC[C@H](O)c1cccc(NS(=O)(=O)c2cccs2)c1","51.0"
"COc1ccccc1OCCNC[C@@H](O)COc1cccc2[nH]c3ccccc3c12","0.88"
"COc1cc2CCN[C@H]3[C@H](O)c4ccccc4-c(c1OC)c23","13.0"
"C[C@]12CC[C@H]3[C@@H](CCC4=CC(=O)CC[C@H]34)[C@@H]1CC[C@@H]2O",
"CNCCC(Oc1ccc(cc1)C(F)(F)F)c1ccccc1",
"CCCN[C@H]1CCc2nc(N)sc2C1","10000.0"
"CN[C@@H]1[C@H](O)[C@H](NC)[C@H]2O[C@]3(O)[C@@H](O[C@H](C)CC3=O)O[C@@H]2[C@H]1O",
"CCC1C2CC3C4N(C)c5ccccc5C44CC(C2[C@H]4O)N3C1O",
"COc1ccc(OCC(O)CNC2CCN(CC2)c2ncnc3scc(-c4ccccc4)c23)cc1","700.0"
"O=C1CCc2ccccc2N1CCCN1CCC(Cc2ccccc2)CC1","9549.93"
"CCN(CC)CCCn1c(=O)[nH]c2c3ccccc3[nH]c2c1=O",
"C[C@H](Cc1ccc(O)cc1)NC[C@H](O)c1cc(O)cc(O)c1","4.0"
"C[C@@H](Cc1ccccc1)NC[C@H](O)c1cc(O)cc(O)c1","7943.28"
"COc1ccc(C[C@@H](C)NC[C@@H](O)c2cc(O)cc(O)c2)cc1","5270.0"
"COc1ccc(C[C@@H](C)NC[C@@H](O)c2cc(O)cc(O)c2)cc1","5248.07"
"COc1ccccc1OCCNCC(O)COc1cccc2[nH]c3ccccc3c12","0.166"
"C1CN2C[C@@H](N=C2S1)c1ccccc1",
"C[C@H]1O[C@@H](O[C@@H]2C[C@@H]3O[C@@](O)(C[C@H](O)[C@H]3C(O)=O)C[C@@H](O)C[C@@H](O)[C@H](O)CC[C@@H](O)C[C@@H](O)CC(=O)O[C@@H](C)[C@H](C)[C@H](O)[C@@H](C)\\C=C\\C=C\\C=C\\C=C\\C=C\\C=C\\C=C\\2)[C@@H](O)[C@@H](N)[C@@H]1O",
"CC(O)COC[C@H]1O[C@@H]2O[C@@H]3[C@@H](COCC(C)O)O[C@H](O[C@@H]4[C@@H](COCC(C)O)O[C@H](O[C@@H]5[C@@H](COCC(C)O)O[C@H](O[C@@H]6[C@@H](COCC(C)O)O[C@H](O[C@@H]7[C@@H](COCC(C)O)O[C@H](O[C@@H]8[C@@H](COCC(C)O)O[C@H](O[C@H]1[C@H](O)[C@H]2O)[C@H](O)[C@H]8O)[C@H](O)[C@H]7O)[C@H](O)[C@H]6O)[C@H](O)[C@H]5O)[C@H](O)[C@H]4O)[C@H](O)[C@H]3O",
"Cl.CC(C)NCC(O)c1ccc(O)c(O)c1","501.0"
"OCc1cccc(OCC(O)CNC2CCN(CC2)c2ncnc3scc(-c4ccccc4)c23)c1","18.0"
"OC(CNC1CCN(CC1)c1ncnc2scc(-c3ccccc3)c12)COc1ccccc1","9.0"
"COc1ncnc(NS(=O)(=O)c2ccc(N)cc2)c1OC",
"CC(O)CNCCOc1ccccc1-c1ccccc1","470.0"
"Cl.NS(=O)(=O)c1ccc(CCNC(=O)c2ccc(OCC(O)CNCc3ccccc3)cc2)cc1","100000.0"
"Cl.CC(C)N(CC(O)COc1ccc(cc1)C(=O)NCCc1ccc(cc1)S(N)(=O)=O)C(C)C","100000.0"
"COc1ccc(C[C@@H](NC[C@H](O)c2cc(O)cc(O)c2)C(C)C)cc1","3419.79"
"Cc1c(Cn2ncc(N3CCNCC3)c(Cl)c2=O)cccc1NC(=O)c1ccc(cc1)-c1ccccc1","6309.57"
"CC(C)NC[C@H](O)COc1cccc2ccccc12","0.54"
"CC(C)NCC(O)c1ccc(O)c(O)c1","192.0"
"O[C@H]1[C@@H](CCc2c(O)c(O)ccc12)NCCCF","97.0"
"CC(N)C(=O)Nc1c(C)cccc1C",
"C[C@]12CC[C@H]3[C@@H](CC[C@H]4CC(=O)CC[C@]34C)[C@@H]1CC[C@@H]2O",
"O[C@H]1[C@@H](CCc2c(O)c(O)ccc12)NC1CCCC1","25.0"
"COc1ccc(\\C=C\\C(=O)Nc2ccccc2C(O)=O)cc1OC",
"OC(COc1ccccc1CC=C)CN1CCC(CN2C(=O)CCCC2=O)CC1","80.0"
"CN[C@H](CC(C)C)C(=O)N[C@@H]1[C@H](O)c2ccc(Oc3cc4cc(Oc5ccc(cc5Cl)[C@@H](O)[C@@H]5NC(=O)[C@H](NC(=O)[C@@H]4NC(=O)[C@H](CC(N)=O)NC1=O)c1ccc(O)c(c1)-c1c(O)cc(O)cc1[C@H](NC5=O)C(O)=O)c3O[C@@H]1O[C@H](CO)[C@@H](O)[C@H](O)[C@H]1O[C@H]1C[C@](C)(N)[C@H](O)[C@H](C)O1)c(Cl)c2",
"C[C@@H](O)[C@@H]1[C@H]2[C@@H](C)C(S[C@@H]3CN[C@@H](C3)C(=O)N(C)C)=C(N2C1=O)C(O)=O",
"C[C@@H]1O[C@@H](O[C@H]2C[C@@H](O)[C@]3(CO)[C@H]4[C@H](O)C[C@]5(C)[C@H](CC[C@]5(O)[C@@H]4CC[C@]3(O)C2)C2=CC(=O)OC2)[C@H](O)[C@H](O)[C@H]1O",
"CCN(CC)C(=O)[C@H]1CN(C)[C@@H]2Cc3c[nH]c4cccc(C2=C1)c34","740.0"
"C[C@@H](Cc1cccc2ccccc12)NC[C@@H](O)c1cc(O)cc(O)c1","2535.0"
"CCCc1cc(=O)[nH]c(=S)[nH]1",
"C[C@@H]1C[C@H]2[C@@H]3CCC4=CC(=O)C=C[C@]4(C)C3=CC[C@]2(C)[C@H]1C(=O)CN1CCN(CC1)c1cc(nc(n1)N1CCCC1)N1CCCC1","15578.0"
"CC(C)[C@H]1CC[C@@H](CC1)C(=O)N[C@H](Cc1ccccc1)C(O)=O",
"C[C@@H]1CCCN1CCc1cc2cc(ccc2o1)C(=O)c1ccc(F)cc1","10000.0"
"C[C@@H]1CCCN1CCc1cc2cc(ccc2o1)C(=O)c1ccc(cc1)[N+]([O-])=O","10000.0"
"OC(CNCCOCCOCCOCCOCCNC(=O)C1C(C(C1C(O)=O)C(O)=O)C(O)=O)COc1ccccc1CC=C","512.0"
"NC(=O)N1C(=O)C(=C(O)c2cccs2)c2cc(Cl)ccc12",
"COc1ccccc1N1CCN(CCn2c(=O)n(C)c3c4ccccc4n(C)c3c2=O)CC1","100000.0"
"CO[C@H]1[C@@H](C[C@@H]2CN3CCc4c([nH]c5cc(OC)ccc45)[C@H]3C[C@@H]2[C@@H]1C(=O)OC)OC(=O)c1cc(OC)c(OC)c(OC)c1",
"CC1(C)[C@H]2CC[C@]1(C)C(=O)C2",
"NCCCC[C@H](N[C@@H](CCc1ccccc1)C(O)=O)C(=O)N1CCC[C@H]1C(O)=O",
"C[C@](N)(Cc1ccc(O)c(O)c1)C(O)=O",
"COc1ccc(CCNC[C@@H](O)c2cc(O)cc(O)c2)cc1","1150.8"
"CCC[C@H](Cc1ccc(OC)cc1)NC[C@H](O)c1cc(O)cc(O)c1","7600.0"
"Cl.CC(C)NCC(O)c1ccc(O)c(O)c1","501.19"
"CC(CC(F)(F)F)NCc1ccc(cc1)-c1nccs1","52300.0"
"COc1ccc2nc(-c3ccc(OCC(O)CNC(C)C)cc3)n(C)c(=O)c2c1","7700.0"
"Cc1ccc(C)c(OCCCC(C)(C)C(O)=O)c1",
"O=C1N(C2CCC(=O)NC2=O)C(=O)c2ccccc12",
"COc1cc(CC=C)ccc1OCC(O)CN1CCC(CN2C(=O)c3cccc4cccc(C2=O)c34)CC1","3290.0"
"CCn1cc(C(O)=O)c(=O)c2cc(F)c(nc12)N1CCNCC1",
"CC(C)(C)NC[C@H](O)COc1cccc2[nH]c(O)nc12","0.1"
"C[C@H](Cc1cccc2ccccc12)NC[C@H](O)c1cc(O)cc(O)c1","240.0"
"Oc1cc2CCNC(Cc3cc(I)c(I)c(I)c3)c2cc1O","1.514"
"O=c1[nH]c2c3ccccc3[nH]c2c(=O)n1CCN1CCN(CC1)c1ccccc1","100000.0"
"CC(C)(Oc1ccc(cc1)C1CC1(Cl)Cl)C(O)=O",
"CC(C)NCC(O)COc1ccc(CC(N)=O)cc1","9549.93"
"CC[C@@H](Cc1ccc(O)cc1)NC[C@H](O)c1cc(O)cc(O)c1","294.0"
"COc1ccc(C[C@@H](C)NC[C@H](O)c2cc(O)cc(O)c2)c2ccccc12","280.0"
"C[C@H](Cc1ccc2ccccc2c1)NC[C@H](O)c1cc(O)cc(O)c1","410.0"
"NCCOCCOc1ccc(Nc2ccc(CCNC[C@H](O)c3ccc(O)c4[nH]c(=O)ccc34)cc2)cc1","6.31"
"C[C@H](NC[C@H](O)c1ccc(O)c2[nH]c(=O)sc12)C1CCCCC1","25.1"
"CCc1cc2CC(Cc2cc1CC)NC[C@H](O)c1ccc(O)c2[nH]c(=O)ccc12","20.6"
"COc1c(C)c2COC(=O)c2c(O)c1CC=C(C)CCC(O)=O",
"Cc1ccc(cc1)S(=O)(=O)NC(=O)NN1CC2CCCC2C1",
"Cc1nnc(NS(=O)(=O)c2ccc(N)cc2)s1",
"CC1(C)[C@@H](N2[C@@H](CC2=O)S1(=O)=O)C(O)=O",
"COCCCOc1ccnc(C[S+]([O-])c2nc3ccccc3[nH]2)c1C",
"Fc1cn(C2CCCO2)c(=O)[nH]c1=O",
"CC#C[C@]1(O)CC[C@H]2[C@@H]3CCC4=CC(=O)CCC4=C3[C@H](C[C@]12C)c1ccc(cc1)N(C)C",
"N[C@@H](Cn1ccc(=O)c(O)c1)C(O)=O",
"CN(C)c1nc(nc(n1)N(C)C)N(C)C",
"[Cl-].CC(C)(C)CC(C)(C)c1ccc(OCCOCC[N+](C)(C)Cc2ccccc2)cc1",
"CC(C)NCC(O)COc1ccccc1CCCSCC(=O)NCCOCCOCCN","2.9"
"C[C@H]1O[C@@H](O[C@@H]2C[C@@H]3O[C@@](O)(C[C@H](O)[C@H]3C(O)=O)C[C@@H](O)C[C@H]3O[C@@H]3\\C=C\\C(=O)O[C@H](C)C\\C=C\\C=C\\C=C\\C=C\\2)[C@@H](O)[C@@H](N)[C@@H]1O",
"[Br-].CC(=O)O[C@H]1[C@H](C[C@H]2[C@@H]3CC[C@H]4C[C@H](OC(C)=O)[C@H](C[C@]4(C)[C@H]3CC[C@]12C)N1CCCCC1)[N+]1(C)CCCCC1",
"C[S+]([O-])c1ccc(cc1)-c1nc(c([nH]1)-c1ccncc1)-c1ccc(F)cc1",
"CC(C)Oc1ccc2c(c1)occ(-c1ccccc1)c2=O",
"CC(=O)N[C@H]1[C@@H](O)[C@H](O)[C@H](CO)O[C@H]1O[C@H]1[C@@H]2NC(=O)[C@H](NC(=O)[C@@H]3NC(=O)[C@H]4NC(=O)[C@@H](Cc5ccc(Oc6cc3cc(Oc3ccc1cc3Cl)c6O[C@@H]1O[C@@H](CO)[C@@H](O)[C@H](O)[C@@H]1NC(C)=O)c(Cl)c5)NC(=O)[C@H](N)c1ccc(O)c(Oc3cc(O)cc4c3)c1)c1ccc(O)c(c1)-c1c(O[C@H]3O[C@H](CO)[C@@H](O)[C@@H](O)[C@@H]3O)cc(O)cc1[C@H](NC2=O)C(O)=O",
"CC(C)NCC(O)COc1ccccc1CCCSCC(=O)NCCOCCOCCNC(=O)OC(C)(C)C","3.2"
"NCC[C@H](O)C(=O)N[C@@H]1C[C@H](N)[C@@H](O[C@H]2O[C@H](CN)[C@@H](O)[C@H](O)[C@H]2O)[C@H](O)[C@H]1O[C@H]1O[C@H](CO)[C@@H](O)[C@H](N)[C@H]1O",
"CC(=O)OCC(=O)[C@@]12OC(C)(C)O[C@@H]1C[C@H]1[C@@H]3C[C@H](F)C4=CC(=O)C=C[C@]4(C)[C@@]3(F)[C@@H](O)C[C@]21C",
"CC(C)CN(C[C@@H](O)[C@H](Cc1ccccc1)NC(=O)O[C@H]1CCOC1)S(=O)(=O)c1ccc(N)cc1",
"CCN(CCCNC[C@H](O)c1ccc(O)c2[nH]c(=O)ccc12)C(=O)c1ccc(COc2cccc(c2)-c2ccc(cc2)[C@@H](NC(=O)O[C@H]2CN3CCC2CC3)c2ccccc2)cc1","0.05012"
"CC(S)=N",
"O[C@@H](CNCCCCCCOc1cccc(c1)C(NC(=O)O[C@H]1CN2CCC1CC2)c1ccccc1)c1ccc(O)c2[nH]c(=O)ccc12","0.01585"
"CC(C)N[C@@H]1CCc2c(O)c(O)ccc2[C@H]1O","32.0"
"C[C@@H](Cc1cccc(N)c1)NC[C@@H](O)c1cc(O)cc(O)c1","28749.0"
"O[C@H](CNCCc1ccccc1)c1cc(O)cc(O)c1","20562.0"
"CNCc1cc2ccccc2s1","43200.0"
"COc1ccc(OC)c(c1)C1CCN(Cc2cnn(c2C)-c2ccccc2F)C1","1000.0"
"CC1CCC(CC1)NC(=O)N(CCCl)N=O",
"CCC(CC)CNC[C@H](O)c1ccc(O)c2[nH]c(=O)sc12","24.7"
"CCc1cc2CC(Cc2cc1CC)NC[C@H](O)c1ccc(O)c2[nH]c(=O)ccc12","20.6"
"O=C1CCc2ccccc2N1CCCN1CCN(CC1)c1ccccc1","35481.34"
"COc1cc(C(=O)NCCN2CCC(CC2)OC(=O)Nc2ccccc2-c2ccccc2)c(Cl)cc1CNC[C@H](O)c1ccc(O)c2[nH]c(=O)ccc12","0.1585"
"CN(C)CCNc1ncnc2c3cc(Cl)ccc3[nH]c12","10000.0"
"CSc1ccc2Sc3ccccc3N(CCC3CCCCN3C)c2c1",
"CS(=O)(=O)c1ccc(cc1)C1=C(C(=O)OC1)c1ccccc1",
"CCCC[C@H](C)NC[C@H](O)c1cc(O)cc(O)c1","31622.78"
"COc1ccc(OCC(O)CN2CCC(CN3C(=O)c4cccc5cccc(C3=O)c45)CC2)c(c1)C(C)(C)C","300.0"
"C[C@@H](Cc1cccc2ccccc12)NC[C@H](O)c1cc(O)cc(O)c1","338.84"
"CCCN1CC[C@@H]2[C@@H]3[C@H](CCC[C@@H]13)[C@@H](CC)c1nc3cc(ccc3cc21)C(F)(F)F","10000.0"
"O[C@@H](CNC1CCCCC1)COc1cccc2[nH]ccc12","3.75"
"N#Cc1ccc(cc1)C(c1ccc(cc1)C#N)n1cncn1",
"Nc1nc(=O)c2N(C=O)C(CNc3ccc(cc3)C(=O)N[C@@H](CCC(O)=O)C(O)=O)CNc2[nH]1",
"CS(=O)(=O)Nc1cc(C[C@H](O)CN[C@H](Cc2ccccc2)c2ccc(OC(F)F)c(OC(F)F)c2)ccc1O","102.0"
"Cn1cc(C(=O)C(=O)N[C@H]2CN3CCC2CC3)c2ccccc12","10000.0"
"COc1ccc(C[C@@H](C)NC[C@H](O)c2cc(O)cc(O)c2)cc1","470.0"
"C[C@H](Cc1ccc(N)cc1)NC[C@H](O)c1cc(O)cc(O)c1","1862.09"
"C(N1C2CCC1CC2)c1ccccc1",
"C[C@H]1CN(C[C@@H](C)N1)c1c(F)c(N)c2c(c1F)n(cc(C(O)=O)c2=O)C1CC1",
"COC(=O)c1ccccc1O",
"C[C@H](Cc1ccc(OCC(O)=O)cc1)NC[C@H](O)c1cccc(Cl)c1","630.0"
"CC(C)(C)NC(=O)[C@@H]1CN(Cc2cccnc2)CCN1C[C@@H](O)C[C@@H](Cc1ccccc1)C(=O)N[C@@H]1[C@H](O)Cc2ccccc12",
"[Na+].[O-][As]=O",
"CC[C@]1(O)C[C@@H]2CN(C1)CCc1c([nH]c3ccccc13)[C@@](C2)(C(=O)OC)c1cc2c(cc1OC)N(C)[C@@H]1[C@]22CCN3CC=C[C@](CC)([C@@H]23)[C@@H](OC(C)=O)[C@]1(O)C(=O)OC",
"C=CCc1ccc2OCOc2c1",
"OC(=O)Cc1ccccc1Nc1c(Cl)cccc1Cl",
"Nc1ccc2C(=O)NC(=O)c3cccc1c23",
"COc1ccc(cc1OC)[C@H](CCc1cccc(Cl)c1)NC[C@H](O)Cc1ccc(O)c(NS(C)(=O)=O)c1","26.0"
"COc1cccc(c1)[C@H](CCc1ccccc1)NC[C@H](O)Cc1ccc(O)c(NS(C)(=O)=O)c1","200.0"
"COc1ccc(cc1)[C@H](CCc1ccccc1)NC[C@H](O)Cc1ccc(O)c(NS(C)(=O)=O)c1","280.0"
"CN(C)CCCN1c2ccccc2Sc2ccccc12",
"Cl.CNCC(O)COc1ccc(cc1)C(=O)NCCc1ccc(cc1)S(N)(=O)=O","100000.0"
"CCc1ccc(OCC(O)CNC2CCN(CC2)c2ncnc3scc(-c4ccccc4)c23)cc1","88.0"
"CCc1cccc(OCC(O)CNC2CCN(CC2)c2ncnc3scc(-c4ccccc4)c23)c1","10.0"
"OC(CNC1CCN(CC1)c1ncnc2scc(-c3ccccc3)c12)COc1ccc(O)cc1","81.0"
"OCc1cc(ccc1O)C(O)CNCCCCCCOCCCCc1ccccc1","2.512"
"CNc1cc(ncn1)-c1csc(n1)N(C)C(=O)c1ccc(F)cc1","10000.0"
"CC1(C)O[C@@H]2C[C@H]3[C@@H]4C[C@H](F)C5=CC(=O)C=C[C@]5(C)[C@@]4(F)[C@@H](O)C[C@]3(C)[C@@]2(O1)C(=O)CO",
"OC(COc1cccc2oc(cc(=O)c12)C(O)=O)COc1cccc2oc(cc(=O)c12)C(O)=O",
"CC(C)NC[C@H](O)COc1ccccc1CCCNC(=O)NCCCc1ccccc1OC[C@@H](O)CNC(C)C","1.175"
"CC(C)NC[C@H](O)COc1ccccc1CC(=O)NCCNC(=O)Cc1ccccc1OC[C@@H](O)CNC(C)C","467.74"
"COc1ccc2n(C)cc(CCNCCCc3ccc(Cl)cc3)c2c1","3900.0"
"COc1ccc(CCNC[C@@H](O)c2cc(O)cc(O)c2)cc1","100000.0"
"COc1ccc(CCNC[C@H](O)c2cc(O)cc(O)c2)cc1","101.0"
"COc1ccc(C[C@@H](NC[C@H](O)c2cc(O)cc(O)c2)C(C)C)cc1","3420.0"
"O[C@@H](CN[C@@H]1CCC[C@@H]1C1CCCC1)c1ccc(O)c2[nH]c(=O)sc12","0.6"
"CC(C)NCC(O)COc1ccc(COCCOC(C)C)cc1","250.0"
"C[C@@H](Cc1ccccc1)NC[C@H](O)c1cc(O)cc(O)c1","7940.0"
"C[C@@H](NC[C@H](O)c1ccc(O)c2[nH]c(=O)sc12)c1ccc2ccccc2c1","2.7"
"CNCC(O)c1ccc(O)c2nc(O)sc12","5.0"
"OCc1cc(ccc1O)C(O)CNCCCCCCOCCCCc1ccccc1","1.0"
"O[C@@H](CNCCc1cccc(OCCCOc2ccccc2)c1)c1ccc(O)c(NC=O)c1","3.3"
"N=C(Nc1ccccc1)Nc1ccccc1",
"CC(C)(C(O)=O)c1ccc(cc1)C(O)CCCN1CCC(CC1)C(O)(c1ccccc1)c1ccccc1",
"Cl.CNCC(O)COc1ccc(cc1)S(=O)(=O)N1CCN(C)CC1","100000.0"
"COc1cc(CCNC[C@@H](O)c2ccc(O)c3NC(=O)COc23)ccc1OCCCc1ccccc1","13.0"
"O[C@@H](CN[C@@H]1CCC[C@H]1OCc1ccccc1)c1ccc(O)c2[nH]c(=O)sc12","0.5"
"CC(C)NCC(O)c1ccc(O)c(O)c1","46.0"
"COc1ccc2cc(ccc2c1)[C@H](C)C(O)=O",
"COc1ccccc1OCC(O)COC(N)=O",
"COc1cc(NS(=O)(=O)c2ccc(N)cc2)nc(OC)n1",
"Cc1c(O)c(=O)ccn1C",
"O=c1ccc2ccccc2o1",
"CC(C)c1ccccc1OCC(O)CN1CCOCC1","1.2"
"Clc1ccc(COC(Cn2ccnc2)c2ccc(Cl)cc2Cl)c(Cl)c1",
"C[C@]12CC(=O)[C@H]3[C@@H](CCC4=CC(=O)C=C[C@]34C)[C@@H]1CC[C@]2(O)C(=O)CO",
"COc1ccc2[nH]c3c(ncnc3c2c1)N1CCN(C)CC1","10000.0"
"Oc1c(cc(cc1[N+]([O-])=O)[N+]([O-])=O)C(=O)N\\N=C\\c1ccc(o1)[N+]([O-])=O",
"Cn1c2ncn(CC3OCCO3)c2c(=O)n(C)c1=O",
"COc1ccc2[nH]cc(CCN(CC=C)CC=C)c2c1","10000.0"
"COc1ccc2n(C(=O)c3ccc(Cl)cc3)c(C)c(CC(=O)OCC(O)=O)c2c1",
"C[C@]12[C@@H]3CC[C@@H](O3)[C@@]1(C)C(=O)OC2=O",
"OC(CNC1CCN(CC1)c1ncnc2ccsc12)COc1ccccc1","14.0"
"Cc1csc2ncnc(N3CCC(CC3)NCC(O)COc3ccccc3)c12","80.0"
"Cc1c(sc2ncnc(N3CCC(CC3)NCC(O)COc3ccccc3)c12)-c1ccccc1","100.0"
"COc1ccc2cc(CC(O)=O)ccc2c1",
"O[C@@H](CNCCCCCCCOc1cccc(c1)C(NC(=O)O[C@H]1CN2CCC1CC2)c1ccccc1)c1ccc(O)c2[nH]c(=O)ccc12","0.1"
"CCCCOc1ccc(OCCCN2CCOCC2)cc1",
"COC(=O)C1=C(C)NC(C)=C(C1c1ccccc1[N+]([O-])=O)C(=O)OCC(C)C",
"COc1ccc2[nH]c3c(CCN=C3C)c2c1",
"Fc1cccc(CCN2C3CCC2CC3)c1",
"O[C@@H](CNCCc1cccc(OCCCCc2ccccc2)c1)c1ccc(O)c(NC=O)c1","8.5"
"Cc1ccc2c(OCCN3CCN(Cc4cccc5cccnc45)CC3)cccc2n1","1995.26"
"CCc1cc2CC(Cc2cc1CC)NC[C@H](O)c1ccc(O)c2[nH]c(=O)ccc12","76.0"
"C[C@H](Cc1ccc(OCP(O)(O)=O)cc1)NC[C@H](O)c1cccc(Cl)c1","39700.0"
"CCOC(=O)OC(C)OC1=C(N(C)S(=O)(=O)c2ccccc12)C(=O)Nc1ccccn1",
"O[C@@H](CNCCc1ccc(OCCCCc2ccccc2)cc1)c1ccc(O)c(NC=O)c1","9.2"
"O[C@@H](CNCCc1ccc(OCCc2ccccc2)cc1)c1ccc(O)c(NC=O)c1","7.8"
"CC(NCc1ccc(cc1)-c1ncccn1)c1ccccc1C","268000.0"
"COc1ccc2n(C)cc(CCNCCCc3ccc(Cl)cc3)c2c1","520.0"
"NCc1ccc(cc1)-c1ncccn1","1000000.0"
"Cl.CNCC(O)COc1ccc(cc1)S(=O)(=O)NCCOc1ccccc1","28183.83"
"COc1ccccc1OCCNC[C@H](O)c1cccc2[nH]c3ccccc3c12","3.3"
"CC(C)NCC(O)COc1cccc2ccccc12","0.32"
"CC(C)NC[C@H](O)COc1ccccc1CCCn1cc(CNCc2cn(CCCc3ccccc3OC[C@@H](O)CNC(C)C)nn2)nn1","0.4365"
"CCN(CC)CCNC(=O)c1ccc(N)cc1",
"O[C@@H](CNCCNc1cccc(c1)-c1cccc(c1)C(O)=O)c1cccc(Cl)c1","1584.89"
"C(C(C1CCCCC1)C1CCCCC1)C1CCCCN1",
"NC(=O)N1c2ccccc2CC(=O)c2ccccc12",
"CCOc1ccc(NC(C)=O)cc1",
"Cc1nc(c(C)o1)-c1ccc(OCCNC[C@H](O)c2cccnc2)cc1",
"O[C@@H](CNCCOc1ccc(cc1)-c1csc(n1)-c1cccnc1)c1cccnc1",
"OCc1nc(co1)-c1ccc(OCCNC[C@H](O)c2cccnc2)cc1","30.0"
"COc1c(I)cc(CC2NCCc3cc(O)c(O)cc23)cc1I","2.042"
"C[C@H](Cc1ccc(OCS(O)(=O)=O)cc1)NC[C@H](O)c1cccc(Cl)c1","2250.0"
"COc1ccc2n(C)cc(CCNCc3cc(OC(F)(F)F)ccc3F)c2c1","83800.0"
"CN(C)C(=N)NC(N)=N",
"C[C@H](Cc1ncc(CCCC(O)=O)s1)NCC(O)c1cccc(Cl)c1","13900.0"
"O=C1N([C@@H]2CCC(=O)NC2=O)C(=O)c2ccccc12",
"CCN1CC(CCN2CCOCC2)C(C1=O)(c1ccccc1)c1ccccc1",
"O.O.O.CC(=O)O[C@@]12CO[C@@H]1C[C@H](O)[C@]1(C)[C@@H]2[C@H](OC(=O)c2ccccc2)[C@]2(O)C[C@H](OC(=O)[C@H](O)[C@@H](NC(=O)OC(C)(C)C)c3ccccc3)C(C)=C([C@@H](O)C1=O)C2(C)C",
"CCOC(=O)C1=C(C)NC(C)=C(C1c1cccc(Cl)c1Cl)C(=O)OC",
"Cc1nc(cs1)-c1ccc(OCCNC[C@H](O)c2cccnc2)cc1","120.0"
"NC[C@H](O)c1cc(O)c(O)cc1F","15800.0"
"CCCCc1ccc2CC(Cc2c1)NC[C@H](O)c1ccc(O)c2[nH]c(=O)ccc12","19.4"
"O[C@@H](CNCCOc1ccc(cc1)-c1csc(n1)-c1ccccc1)c1cccnc1","500.0"
"C[C@H](Cc1ccc(OCC(O)=O)cc1)NC[C@H](O)c1cccc(Cl)c1","630.0"
"CC(C)(CO)C(O)C(=O)NCCCO",
"C[C@H](Cc1ccc(OC(C(O)=O)C(O)=O)cc1)NC[C@H](O)c1cccc(Cl)c1","17100.0"
"Fc1nc(cs1)C#Cc1cc(F)cc(c1)C#N","10000.0"
"CCC(=C(c1ccccc1)c1ccc(OCCN(C)C)cc1)c1ccccc1",
"CC(C)(C)NCC(O)c1ccc(O)c(CO)c1","510.0"
"Nc1ccc(CC2NCCc3cc(O)c(O)cc23)cc1I","6.457"
"CNC(NC#N)=NCCSCc1nc[nH]c1C",
"CC(C)NC[C@H](O)COc1ccccc1CCCCCCc1ccccc1OC[C@@H](O)CNC(C)C","0.955"
"O[C@@H](CNCCc1ccc(OC2Cc3ccccc3C2)cc1)c1ccc(O)c(NC=O)c1","11.6"
"NC[C@H](O)c1ccc(O)c(O)c1","342000.0"
"NC[C@H](O)c1ccc(O)c(O)c1","490000.0"
"NC[C@H](O)c1cc(O)c(O)cc1F","68900.0"
"COc1ccc2n(C)cc(CCNCCCc3cccc(c3)C(F)(F)F)c2c1","25000.0"
"O[C@@H](CN[C@H]1CCC[C@H]1C1CCCCC1)c1ccc(O)c2[nH]c(=O)sc12","97.0"
"CCCCOc1ccc(CCNC[C@H](O)c2ccc(O)c3[nH]c(=O)sc23)cc1","3.9"
"C[C@H](Cc1cccc(N)c1)NC[C@@H](O)c1cc(O)cc(O)c1","30773.0"
"OCc1cc(ccc1O)C(O)CNCCc1ccc(NCc2ccc(Cl)c(Cl)c2)cc1","10000.0"
"CC=C1[C@@H]2Cc3[nH]c(=O)ccc3[C@]1(N)CC(C)=C2",
"COc1ccc(Nc2ccc(CCNC[C@H](O)c3ccc(O)c4[nH]c(=O)ccc34)cc2)cc1-c1ccc(CN)cc1","1.259"
"CC(C)c1ccccc1OCC(O)CNC1CCN(C)CC1","17.0"
"OC(CNC1CCN(CC1)c1ncnc2ccsc12)COc1ccc(O)cc1","961.0"
"COc1ccccc1N1CCN(CCCNC(=O)NN(Cc2ccccc2)c2ccccc2)CC1","1800.0"
"COCc1cc(OCC(O)CNC2CCN(CC2)c2ncnc3scc(-c4ccccc4)c23)ccc1O","4.9"
"COc1ccccc1OCC(O)CNC1CCN(CC1)c1ncnc2scc(-c3ccccc3)c12","11.0"
"C(Cc1ccccc1)N1C2CCC1CC2",
"COc1ccc(CN2CCCC2)cc1OC",
"CN(C)CCn1c(=O)[nH]c2c3ccccc3[nH]c2c1=O",
"OCC(NCc1ccc(cc1)-c1nccs1)c1ccco1","95400.0"
"CC(C)NCC(O)c1ccc(NS(C)(=O)=O)cc1","298.3"
"Cc1ccc2c(OCCN3CCC(Cc4cccc(c4)N4CCCS4(=O)=O)CC3)cccc2n1","1584.89"
"Cc1ccc(cc1)-c1cc(nn1-c1ccc(cc1)S(N)(=O)=O)C(F)(F)F",
"CC(COc1ccc2OCC(=O)Nc2c1)NCC(O)COc1cccc2[nH]ccc12","2.512"
"Nc1nc(N)nc(NC2CC2)n1",
"C[C@H](Cc1ccc(OCP(C)(O)=O)cc1)NC[C@H](O)c1cccc(Cl)c1","73700.0"
"COc1ccc(CC(C)NCC(O)c2ccc(O)c(NC=O)c2)cc1","26.0"
"OC(=O)C=CC(O)=O.OC(=O)C=CC(O)=O.CCN(C)C1CCCc2ccncc12","10000.0"
"C[C@]12CC[C@H]3[C@@H](CCC4=Cc5oncc5C[C@]34C)[C@@H]1CC[C@@]2(O)C#C",
"CC(COc1ccc2OCC(=O)Nc2c1)NCC(O)COc1cccc2[nH]ccc12","0.631"
"Cc1nc(co1)-c1ccc(OCCNC[C@H](O)c2cccnc2)cc1","21.0"
"CS(=O)(=O)Nc1cc(C[C@@H](O)CN[C@@H](CCc2ccccc2)c2ccc(OC(F)F)c(OC(F)F)c2)ccc1O","71.0"
"C[C@H](Cc1ccc(O)cc1)NC[C@H](O)c1cc(O)cc(O)c1","350.0"
"COc1ccc2[C@H](OC(=O)c2c1OC)[C@@H]1N(C)CCc2cc3OCOc3c(OC)c12",
"CCCCC1C(=O)N(N(C1=O)c1ccccc1)c1ccccc1",
"C[C@H](Cc1c[nH]c2c(OS(C)(=O)=O)cccc12)NC[C@H](O)c1cccc(NS(=O)(=O)c2cccs2)c1","48.0"
"CC(C)c1cccc(C(C)C)c1O",
"OCc1cc(OCC(O)CNC2CCN(CC2)c2ncnc3scc(-c4cccs4)c23)ccc1O","20.0"
"C[C@@H](Cc1ccc(N)cc1)NC[C@@H](O)c1cc(O)cc(O)c1","28840.32"
"C[C@H](Cc1ccc(N)cc1)NC[C@@H](O)c1cc(O)cc(O)c1","30902.95"
"C[C@@H](Cc1ccc(N)cc1)NC[C@H](O)c1cc(O)cc(O)c1","6025.6"
"CC(C)NC1CCn2c3c(cccc3[nH]c2=O)C1O","580.0"
"COCCc1ccc(OCC(O)CNC(C)C)cc1","220.0"
"CC(C)[C@H](NC(=O)c1ccc(cc1)N1CCC(CC1)NC[C@H](O)c1ccc(O)c(NS(C)(=O)=O)c1)C(O)=O","3600.0"
"Cl.CCNCC(O)COc1ccc(cc1)C(=O)NCCc1ccc(cc1)S(N)(=O)=O","100000.0"
"CC(C)(C)c1ccc(SCCc2c[nH]cn2)cc1","1000.0"
"COc1ccccc1OCCNCCc1cccc2[nH]c3ccccc3c12","26.0"
"C[C@H](Cc1ccccc1)NC[C@@H](O)c1cc(O)cc(O)c1","23125.0"
"O[C@@H](CNCCc1ccccc1)c1cc(O)cc(O)c1","10466.0"
"CC1=C(N2[C@H](SC1)[C@H](NC(=O)[C@H](N)c1ccccc1)C2=O)C(O)=O",
"COCCc1ccc(OC[C@@H](O)CNCCc2ccc(OCCSSCCN)c(OC)c2)cc1","57.0"
"COc1ccccc1OCCNCCCOc1ccc(O)c(O)c1","3800.0"
"COc1cc(CCNC[C@H](O)c2ccc(O)c(O)c2)ccc1OCCCc1ccccc1","18.0"
"CC(C)NC[C@H](O)COc1ccc(O)c(O)c1","12.0"
"CC(C)NCCCOc1ccc(O)c(O)c1","6900.0"
"C[C@H](Cc1ccc(O)cc1)NC[C@H](O)c1cc(O)cc(O)c1","345.0"
"CN1CCN(CCCN2c3ccccc3Sc3ccc(cc23)C(F)(F)F)CC1",
"O=C(C1CCCCC1)N1CC2N(CCc3ccccc23)C(=O)C1",
"COc1ccc2C[C@H]3[C@H]4CCCC[C@@]4(CCN3C)c2c1",
"CCn1cc(C(O)=O)c(=O)c2cnc(nc12)N1CCCC1",
"CC[C@@H]1NC(=O)[C@H]([C@H](O)[C@H](C)C\\C=C\\C)N(C)C(=O)[C@H](C(C)C)N(C)C(=O)[C@H](CC(C)C)N(C)C(=O)[C@H](CC(C)C)N(C)C(=O)[C@@H](C)NC(=O)[C@H](C)NC(=O)[C@H](CC(C)C)N(C)C(=O)[C@@H](NC(=O)[C@H](CC(C)C)N(C)C(=O)CN(C)C1=O)C(C)C",
"O=C1NC(=O)C(N1)(c1ccccc1)c1ccccc1",
"O=C\\C=C\\c1ccccc1",
"C[C@H]1C[C@@H](C)N1C(=O)[C@H]1CN(C)C2Cc3c[nH]c4cccc(C2=C1)c34","4610.0"
"COc1ccccc1OCCNC[C@@H](O)COc1cccc2[nH]c3ccccc3c12","0.88"
"OC(=O)CCC(O)=O.CC(C)(Cc1ccc(Oc2ccc(cn2)C(N)=O)cc1)NC[C@H](O)COc1cccc2[nH]c3ccccc3c12","0.012"
"COc1ccccc1N",
"CCc1cc2CC(Cc2cc1CC)NCC(O)c1c(C)cc(O)c2[nH]c(=O)ccc12","515.0"
"COc1cc(CCNC[C@H](O)COc2cccc3ccccc23)ccc1OCCSSCCN","0.16"
"CCC1=C(CC)CC2=C(CC(C2)NC[C@H](O)c2ccc(O)c3[nH]c(=O)ccc23)C1","76.6"
"O[C@@H](CNCCc1ccccc1)c1cc(O)cc(O)c1","10500.0"
"COc1ccc2nc(-c3ccc(OC[C@@H](O)CNC(C)CF)cc3)n(C)c(=O)c2c1","10000.0"
"CN(C)C(=N)NC1=NC(=O)\\C(S1)=C\\c1ccc(cc1)N1CCC(CC1)NC[C@H](O)COc1cccc2[nH]c(O)nc12","7.2"
"C[C@H](Cc1cccc2ccccc12)NC[C@H](O)c1cc(O)cc(O)c1","239.88"
"C[C@@H](Cc1ccccc1)NC[C@@H](O)c1cc(O)cc(O)c1","28600.0"
"CC(C)(C)NCC(O)COc1ccc(NC(=O)NC2CCCCC2)cc1","900.0"
"CC[C@H]1c2ccccc2N(C[C@@]1(C)N)c1ccccc1","10000.0"
"C[C@@H](Cc1ccccc1)NC[C@@H](O)c1cc(O)cc(O)c1","28840.32"
"O[C@H]1[C@@H](CCc2c(O)c(O)ccc12)NCC1CC(F)(F)C1","25.0"
"Cc1onc(c1C(=O)N[C@H]1[C@H]2SC(C)(C)[C@@H](N2C1=O)C(O)=O)-c1ccccc1Cl",
"Cc1ccc2nc(CNCCCOc3ccccc3)cc(O)c2c1","10000.0"
"Cn1c(=O)cnn(CCCCN2CCN(CC2)c2cccc3ccc(O[11CH3])cc23)c1=O","60.6"
"Oc1cc2CCNC(Cc3cc(I)c(O)c(I)c3)c2cc1O","11.75"
"COc1ccc(C[C@H](C)NC[C@H](O)c2cc(O)cc(O)c2)cc1","1930.0"
"C[C@@H](Cc1ccccc1)NC[C@H](O)c1cc(O)cc(O)c1","7937.0"
"COc1ccc(C[C@H](C)NC[C@H](O)c2cc(O)cc(O)c2)cc1","26.1"
"CC1CN(CCN1)c1cc2n(cc(C(O)=O)c(=O)c2cc1F)-c1ccc(F)cc1F",
"COCc1nc(co1)-c1ccc(OCCNC[C@H](O)c2cccnc2)cc1",
"Cl.CNCC(O)COc1ccc(cc1)S(=O)(=O)NC(C)(C)C","5011.87"
"CC[C@H](Cc1ccc(O)cc1)NC[C@H](O)c1cc(O)cc(O)c1","39.1"
"CC(C)NCC(O)c1ccc(O)c(O)c1","2.44"
"Cc1cc(O)c(CN2CCCC2)c2OC(=Cc3ccco3)C(=O)c12","9.0"
"CCCCC[C@@H](C)NC[C@@H](O)c1cc(O)cc(O)c1","100000.0"
"CCc1ccc(cc1)C(=O)C(C)CN1CCCCC1",
"C[C@H](C(O)=O)c1cccc(c1)C(=O)c1ccccc1",
"OCc1cc(ccc1O)C(O)CNCCCCCCOCCCCc1ccccc1","2.512"
"C[C@H]1O[C@H](C[C@H](O)[C@@H]1O)O[C@H]1[C@@H](O)C[C@H](O[C@H]2[C@@H](O)C[C@H](O[C@H]3CC[C@@]4(C)[C@H](CC[C@@H]5[C@@H]4C[C@@H](O)[C@]4(C)[C@H](CC[C@]54O)C4=CC(=O)OC4)C3)O[C@@H]2C)O[C@@H]1C",
"CCCCOc1ccc(C[C@@H](C)NC[C@@H](O)c2cc(Br)no2)cc1","458.0"
"C[C@H](Cc1ccc(OCC(O)=O)cc1)NC[C@H](O)c1cc(Br)no1","13.9"
"CCN(C(=O)\\C=C\\C)c1ccccc1C",
"CC[C@H](C)C(=O)O[C@H]1C[C@@H](C)C=C2C=C[C@H](C)[C@H](CC[C@@H]3C[C@@H](O)CC(=O)O3)[C@@H]12",
"ClCCNC(=O)N(CCCl)N=O",
"Cc1cnc(cn1)C(=O)NCCc1ccc(cc1)S(=O)(=O)NC(=O)NC1CCCCC1",
"CNNCc1ccc(cc1)C(=O)NC(C)C",
"COc1ccc(cc1)[C@@H](Cc1ccccc1)NC[C@@H](O)Cc1ccc(O)c(NS(C)(=O)=O)c1","510.0"
"C[C@H](CCC(O)=O)[C@H]1CC[C@H]2[C@@H]3[C@H](O)C[C@@H]4C[C@H](O)CC[C@]4(C)[C@H]3C[C@H](O)[C@]12C",
"OC(Cn1cncn1)(Cn1cncn1)c1ccc(F)cc1F",
"CC(O)C(O)=O",
"NS(=O)(=O)c1cc(ccc1Cl)C1(O)NC(=O)c2ccccc12",
"CC(C)(C)NCC(O)c1cc(Cl)c(N)c(Cl)c1","28.0"
"C[C@](N)(Cc1ccc(O)cc1)C(O)=O",
"COc1cccc(c1)[C@@H](Cc1ccccc1)NC[C@H](O)Cc1ccc(O)c(NS(C)(=O)=O)c1","2700.0"
"CCN1C[C@@]2(COC)[C@H]3[C@@H](OC)[C@H]4[C@H]1[C@@]3([C@@H]1C[C@@]3(O)[C@H](OC(=O)c5ccccc5)[C@@H]1[C@]4(OC(C)=O)[C@@H](O)[C@@H]3OC)[C@@H](C[C@H]2O)OC",
"CC1(C)S[C@@H]2[C@H](NC(=O)[C@H](N)c3ccccc3)C(=O)N2[C@H]1C(O)=O",
"CC1(C)O[C@@H]2C[C@H]3[C@@H]4C[C@H](F)C5=CC(=O)CC[C@]5(C)[C@H]4[C@@H](O)C[C@]3(C)[C@@]2(O1)C(=O)CO",
"OC(=O)C1CCn2c1ccc2C(=O)c1ccccc1",
"CC(C)CCC[C@@H](C)CCC[C@@H](C)CCC[C@]1(C)CCc2c(C)c(O)c(C)c(C)c2O1",
"COCCNCCOc1ccccc1-c1ccccc1","9.0"
"O[C@@H](CNCCCCCCOc1cccc(c1)[C@H](NC(=O)O[C@H]1CN2CCC1CC2)c1ccccc1)c1ccc(O)c2[nH]c(=O)ccc12","0.03981"