position,interaction
1,LEU49.A_Hydrophobic
2,LEU49.A_HBDonor
3,LEU49.A_HBAcceptor
4,LEU49.A_Cationic
5,LEU49.A_Anionic
6,LEU49.A_PiCation
7,LEU49.A_CationPi
8,LEU49.A_PiStacking
9,LEU49.A_VdWContact
10,SER68.A_Hydrophobic
11,SER68.A_HBDonor
12,SER68.A_HBAcceptor
13,SER68.A_Cationic
14,SER68.A_Anionic
15,SER68.A_PiCation
16,SER68.A_CationPi
17,SER68.A_PiStacking
18,SER68.A_VdWContact
19,SER70.A_Hydrophobic
20,SER70.A_HBDonor
21,SER70.A_HBAcceptor
22,SER70.A_Cationic
23,SER70.A_Anionic
24,SER70.A_PiCation
25,SER70.A_CationPi
26,SER70.A_PiStacking
27,SER70.A_VdWContact
28,VAL71.A_Hydrophobic
29,VAL71.A_HBDonor
30,VAL71.A_HBAcceptor
31,VAL71.A_Cationic
32,VAL71.A_Anionic
33,VAL71.A_PiCation
34,VAL71.A_CationPi
35,VAL71.A_PiStacking
36,VAL71.A_VdWContact
37,ALA72.A_Hydrophobic
38,ALA72.A_HBDonor
39,ALA72.A_HBAcceptor
40,ALA72.A_Cationic
41,ALA72.A_Anionic
42,ALA72.A_PiCation
43,ALA72.A_CationPi
44,ALA72.A_PiStacking
45,ALA72.A_VdWContact
46,LEU74.A_Hydrophobic
47,LEU74.A_HBDonor
48,LEU74.A_HBAcceptor
49,LEU74.A_Cationic
50,LEU74.A_Anionic
51,LEU74.A_PiCation
52,LEU74.A_CationPi
53,LEU74.A_PiStacking
54,LEU74.A_VdWContact
55,ILE75.A_Hydrophobic
56,ILE75.A_HBDonor
57,ILE75.A_HBAcceptor
58,ILE75.A_Cationic
59,ILE75.A_Anionic
60,ILE75.A_PiCation
61,ILE75.A_CationPi
62,ILE75.A_PiStacking
63,ILE75.A_VdWContact
64,VAL76.A_Hydrophobic
65,VAL76.A_HBDonor
66,VAL76.A_HBAcceptor
67,VAL76.A_Cationic
68,VAL76.A_Anionic
69,VAL76.A_PiCation
70,VAL76.A_CationPi
71,VAL76.A_PiStacking
72,VAL76.A_VdWContact
73,ALA78.A_Hydrophobic
74,ALA78.A_HBDonor
75,ALA78.A_HBAcceptor
76,ALA78.A_Cationic
77,ALA78.A_Anionic
78,ALA78.A_PiCation
79,ALA78.A_CationPi
80,ALA78.A_PiStacking
81,ALA78.A_VdWContact
82,VAL79.A_Hydrophobic
83,VAL79.A_HBDonor
84,VAL79.A_HBAcceptor
85,VAL79.A_Cationic
86,VAL79.A_Anionic
87,VAL79.A_PiCation
88,VAL79.A_CationPi
89,VAL79.A_PiStacking
90,VAL79.A_VdWContact
91,VAL80.A_Hydrophobic
92,VAL80.A_HBDonor
93,VAL80.A_HBAcceptor
94,VAL80.A_Cationic
95,VAL80.A_Anionic
96,VAL80.A_PiCation
97,VAL80.A_CationPi
98,VAL80.A_PiStacking
99,VAL80.A_VdWContact
100,MET83.A_Hydrophobic
101,MET83.A_HBDonor
102,MET83.A_HBAcceptor
103,MET83.A_Cationic
104,MET83.A_Anionic
105,MET83.A_PiCation
106,MET83.A_CationPi
107,MET83.A_PiStacking
108,MET83.A_VdWContact
109,ASN84.A_Hydrophobic
110,ASN84.A_HBDonor
111,ASN84.A_HBAcceptor
112,ASN84.A_Cationic
113,ASN84.A_Anionic
114,ASN84.A_PiCation
115,ASN84.A_CationPi
116,ASN84.A_PiStacking
117,ASN84.A_VdWContact
118,ILE85.A_Hydrophobic
119,ILE85.A_HBDonor
120,ILE85.A_HBAcceptor
121,ILE85.A_Cationic
122,ILE85.A_Anionic
123,ILE85.A_PiCation
124,ILE85.A_CationPi
125,ILE85.A_PiStacking
126,ILE85.A_VdWContact
127,LEU86.A_Hydrophobic
128,LEU86.A_HBDonor
129,LEU86.A_HBAcceptor
130,LEU86.A_Cationic
131,LEU86.A_Anionic
132,LEU86.A_PiCation
133,LEU86.A_CationPi
134,LEU86.A_PiStacking
135,LEU86.A_VdWContact
136,TYR87.A_Hydrophobic
137,TYR87.A_HBDonor
138,TYR87.A_HBAcceptor
139,TYR87.A_Cationic
140,TYR87.A_Anionic
141,TYR87.A_PiCation
142,TYR87.A_CationPi
143,TYR87.A_PiStacking
144,TYR87.A_VdWContact
145,LEU88.A_Hydrophobic
146,LEU88.A_HBDonor
147,LEU88.A_HBAcceptor
148,LEU88.A_Cationic
149,LEU88.A_Anionic
150,LEU88.A_PiCation
151,LEU88.A_CationPi
152,LEU88.A_PiStacking
153,LEU88.A_VdWContact
154,LEU89.A_Hydrophobic
155,LEU89.A_HBDonor
156,LEU89.A_HBAcceptor
157,LEU89.A_Cationic
158,LEU89.A_Anionic
159,LEU89.A_PiCation
160,LEU89.A_CationPi
161,LEU89.A_PiStacking
162,LEU89.A_VdWContact
163,MET90.A_Hydrophobic
164,MET90.A_HBDonor
165,MET90.A_HBAcceptor
166,MET90.A_Cationic
167,MET90.A_Anionic
168,MET90.A_PiCation
169,MET90.A_CationPi
170,MET90.A_PiStacking
171,MET90.A_VdWContact
172,GLY96.A_Hydrophobic
173,GLY96.A_HBDonor
174,GLY96.A_HBAcceptor
175,GLY96.A_Cationic
176,GLY96.A_Anionic
177,GLY96.A_PiCation
178,GLY96.A_CationPi
179,GLY96.A_PiStacking
180,GLY96.A_VdWContact
181,ARG97.A_Hydrophobic
182,ARG97.A_HBDonor
183,ARG97.A_HBAcceptor
184,ARG97.A_Cationic
185,ARG97.A_Anionic
186,ARG97.A_PiCation
187,ARG97.A_CationPi
188,ARG97.A_PiStacking
189,ARG97.A_VdWContact
190,PRO98.A_Hydrophobic
191,PRO98.A_HBDonor
192,PRO98.A_HBAcceptor
193,PRO98.A_Cationic
194,PRO98.A_Anionic
195,PRO98.A_PiCation
196,PRO98.A_CationPi
197,PRO98.A_PiStacking
198,PRO98.A_VdWContact
199,LEU99.A_Hydrophobic
200,LEU99.A_HBDonor
201,LEU99.A_HBAcceptor
202,LEU99.A_Cationic
203,LEU99.A_Anionic
204,LEU99.A_PiCation
205,LEU99.A_CationPi
206,LEU99.A_PiStacking
207,LEU99.A_VdWContact
208,CYS100.A_Hydrophobic
209,CYS100.A_HBDonor
210,CYS100.A_HBAcceptor
211,CYS100.A_Cationic
212,CYS100.A_Anionic
213,CYS100.A_PiCation
214,CYS100.A_CationPi
215,CYS100.A_PiStacking
216,CYS100.A_VdWContact
217,LEU101.A_Hydrophobic
218,LEU101.A_HBDonor
219,LEU101.A_HBAcceptor
220,LEU101.A_Cationic
221,LEU101.A_Anionic
222,LEU101.A_PiCation
223,LEU101.A_CationPi
224,LEU101.A_PiStacking
225,LEU101.A_VdWContact
226,PHE102.A_Hydrophobic
227,PHE102.A_HBDonor
228,PHE102.A_HBAcceptor
229,PHE102.A_Cationic
230,PHE102.A_Anionic
231,PHE102.A_PiCation
232,PHE102.A_CationPi
233,PHE102.A_PiStacking
234,PHE102.A_VdWContact
235,TRP103.A_Hydrophobic
236,TRP103.A_HBDonor
237,TRP103.A_HBAcceptor
238,TRP103.A_Cationic
239,TRP103.A_Anionic
240,TRP103.A_PiCation
241,TRP103.A_CationPi
242,TRP103.A_PiStacking
243,TRP103.A_VdWContact
244,LEU104.A_Hydrophobic
245,LEU104.A_HBDonor
246,LEU104.A_HBAcceptor
247,LEU104.A_Cationic
248,LEU104.A_Anionic
249,LEU104.A_PiCation
250,LEU104.A_CationPi
251,LEU104.A_PiStacking
252,LEU104.A_VdWContact
253,SER105.A_Hydrophobic
254,SER105.A_HBDonor
255,SER105.A_HBAcceptor
256,SER105.A_Cationic
257,SER105.A_Anionic
258,SER105.A_PiCation
259,SER105.A_CationPi
260,SER105.A_PiStacking
261,SER105.A_VdWContact
262,MET106.A_Hydrophobic
263,MET106.A_HBDonor
264,MET106.A_HBAcceptor
265,MET106.A_Cationic
266,MET106.A_Anionic
267,MET106.A_PiCation
268,MET106.A_CationPi
269,MET106.A_PiStacking
270,MET106.A_VdWContact
271,ASP107.A_Hydrophobic
272,ASP107.A_HBDonor
273,ASP107.A_HBAcceptor
274,ASP107.A_Cationic
275,ASP107.A_Anionic
276,ASP107.A_PiCation
277,ASP107.A_CationPi
278,ASP107.A_PiStacking
279,ASP107.A_VdWContact
280,TYR108.A_Hydrophobic
281,TYR108.A_HBDonor
282,TYR108.A_HBAcceptor
283,TYR108.A_Cationic
284,TYR108.A_Anionic
285,TYR108.A_PiCation
286,TYR108.A_CationPi
287,TYR108.A_PiStacking
288,TYR108.A_VdWContact
289,VAL109.A_Hydrophobic
290,VAL109.A_HBDonor
291,VAL109.A_HBAcceptor
292,VAL109.A_Cationic
293,VAL109.A_Anionic
294,VAL109.A_PiCation
295,VAL109.A_CationPi
296,VAL109.A_PiStacking
297,VAL109.A_VdWContact
298,ALA110.A_Hydrophobic
299,ALA110.A_HBDonor
300,ALA110.A_HBAcceptor
301,ALA110.A_Cationic
302,ALA110.A_Anionic
303,ALA110.A_PiCation
304,ALA110.A_CationPi
305,ALA110.A_PiStacking
306,ALA110.A_VdWContact
307,SER111.A_Hydrophobic
308,SER111.A_HBDonor
309,SER111.A_HBAcceptor
310,SER111.A_Cationic
311,SER111.A_Anionic
312,SER111.A_PiCation
313,SER111.A_CationPi
314,SER111.A_PiStacking
315,SER111.A_VdWContact
316,THR112.A_Hydrophobic
317,THR112.A_HBDonor
318,THR112.A_HBAcceptor
319,THR112.A_Cationic
320,THR112.A_Anionic
321,THR112.A_PiCation
322,THR112.A_CationPi
323,THR112.A_PiStacking
324,THR112.A_VdWContact
325,ALA113.A_Hydrophobic
326,ALA113.A_HBDonor
327,ALA113.A_HBAcceptor
328,ALA113.A_Cationic
329,ALA113.A_Anionic
330,ALA113.A_PiCation
331,ALA113.A_CationPi
332,ALA113.A_PiStacking
333,ALA113.A_VdWContact
334,SER114.A_Hydrophobic
335,SER114.A_HBDonor
336,SER114.A_HBAcceptor
337,SER114.A_Cationic
338,SER114.A_Anionic
339,SER114.A_PiCation
340,SER114.A_CationPi
341,SER114.A_PiStacking
342,SER114.A_VdWContact
343,ILE115.A_Hydrophobic
344,ILE115.A_HBDonor
345,ILE115.A_HBAcceptor
346,ILE115.A_Cationic
347,ILE115.A_Anionic
348,ILE115.A_PiCation
349,ILE115.A_CationPi
350,ILE115.A_PiStacking
351,ILE115.A_VdWContact
352,PHE116.A_Hydrophobic
353,PHE116.A_HBDonor
354,PHE116.A_HBAcceptor
355,PHE116.A_Cationic
356,PHE116.A_Anionic
357,PHE116.A_PiCation
358,PHE116.A_CationPi
359,PHE116.A_PiStacking
360,PHE116.A_VdWContact
361,ILE148.A_Hydrophobic
362,ILE148.A_HBDonor
363,ILE148.A_HBAcceptor
364,ILE148.A_Cationic
365,ILE148.A_Anionic
366,ILE148.A_PiCation
367,ILE148.A_CationPi
368,ILE148.A_PiStacking
369,ILE148.A_VdWContact
370,LEU149.A_Hydrophobic
371,LEU149.A_HBDonor
372,LEU149.A_HBAcceptor
373,LEU149.A_Cationic
374,LEU149.A_Anionic
375,LEU149.A_PiCation
376,LEU149.A_CationPi
377,LEU149.A_PiStacking
378,LEU149.A_VdWContact
379,GLY150.A_Hydrophobic
380,GLY150.A_HBDonor
381,GLY150.A_HBAcceptor
382,GLY150.A_Cationic
383,GLY150.A_Anionic
384,GLY150.A_PiCation
385,GLY150.A_CationPi
386,GLY150.A_PiStacking
387,GLY150.A_VdWContact
388,ALA151.A_Hydrophobic
389,ALA151.A_HBDonor
390,ALA151.A_HBAcceptor
391,ALA151.A_Cationic
392,ALA151.A_Anionic
393,ALA151.A_PiCation
394,ALA151.A_CationPi
395,ALA151.A_PiStacking
396,ALA151.A_VdWContact
397,TRP152.A_Hydrophobic
398,TRP152.A_HBDonor
399,TRP152.A_HBAcceptor
400,TRP152.A_Cationic
401,TRP152.A_Anionic
402,TRP152.A_PiCation
403,TRP152.A_CationPi
404,TRP152.A_PiStacking
405,TRP152.A_VdWContact
406,PHE153.A_Hydrophobic
407,PHE153.A_HBDonor
408,PHE153.A_HBAcceptor
409,PHE153.A_Cationic
410,PHE153.A_Anionic
411,PHE153.A_PiCation
412,PHE153.A_CationPi
413,PHE153.A_PiStacking
414,PHE153.A_VdWContact
415,LEU154.A_Hydrophobic
416,LEU154.A_HBDonor
417,LEU154.A_HBAcceptor
418,LEU154.A_Cationic
419,LEU154.A_Anionic
420,LEU154.A_PiCation
421,LEU154.A_CationPi
422,LEU154.A_PiStacking
423,LEU154.A_VdWContact
424,SER155.A_Hydrophobic
425,SER155.A_HBDonor
426,SER155.A_HBAcceptor
427,SER155.A_Cationic
428,SER155.A_Anionic
429,SER155.A_PiCation
430,SER155.A_CationPi
431,SER155.A_PiStacking
432,SER155.A_VdWContact
433,PHE156.A_Hydrophobic
434,PHE156.A_HBDonor
435,PHE156.A_HBAcceptor
436,PHE156.A_Cationic
437,PHE156.A_Anionic
438,PHE156.A_PiCation
439,PHE156.A_CationPi
440,PHE156.A_PiStacking
441,PHE156.A_VdWContact
442,LEU157.A_Hydrophobic
443,LEU157.A_HBDonor
444,LEU157.A_HBAcceptor
445,LEU157.A_Cationic
446,LEU157.A_Anionic
447,LEU157.A_PiCation
448,LEU157.A_CationPi
449,LEU157.A_PiStacking
450,LEU157.A_VdWContact
451,TRP158.A_Hydrophobic
452,TRP158.A_HBDonor
453,TRP158.A_HBAcceptor
454,TRP158.A_Cationic
455,TRP158.A_Anionic
456,TRP158.A_PiCation
457,TRP158.A_CationPi
458,TRP158.A_PiStacking
459,TRP158.A_VdWContact
460,VAL159.A_Hydrophobic
461,VAL159.A_HBDonor
462,VAL159.A_HBAcceptor
463,VAL159.A_Cationic
464,VAL159.A_Anionic
465,VAL159.A_PiCation
466,VAL159.A_CationPi
467,VAL159.A_PiStacking
468,VAL159.A_VdWContact
469,ILE160.A_Hydrophobic
470,ILE160.A_HBDonor
471,ILE160.A_HBAcceptor
472,ILE160.A_Cationic
473,ILE160.A_Anionic
474,ILE160.A_PiCation
475,ILE160.A_CationPi
476,ILE160.A_PiStacking
477,ILE160.A_VdWContact
478,PRO161.A_Hydrophobic
479,PRO161.A_HBDonor
480,PRO161.A_HBAcceptor
481,PRO161.A_Cationic
482,PRO161.A_Anionic
483,PRO161.A_PiCation
484,PRO161.A_CationPi
485,PRO161.A_PiStacking
486,PRO161.A_VdWContact
487,ILE162.A_Hydrophobic
488,ILE162.A_HBDonor
489,ILE162.A_HBAcceptor
490,ILE162.A_Cationic
491,ILE162.A_Anionic
492,ILE162.A_PiCation
493,ILE162.A_CationPi
494,ILE162.A_PiStacking
495,ILE162.A_VdWContact
496,LEU163.A_Hydrophobic
497,LEU163.A_HBDonor
498,LEU163.A_HBAcceptor
499,LEU163.A_Cationic
500,LEU163.A_Anionic
501,LEU163.A_PiCation
502,LEU163.A_CationPi
503,LEU163.A_PiStacking
504,LEU163.A_VdWContact
505,GLY164.A_Hydrophobic
506,GLY164.A_HBDonor
507,GLY164.A_HBAcceptor
508,GLY164.A_Cationic
509,GLY164.A_Anionic
510,GLY164.A_PiCation
511,GLY164.A_CationPi
512,GLY164.A_PiStacking
513,GLY164.A_VdWContact
514,VAL187.A_Hydrophobic
515,VAL187.A_HBDonor
516,VAL187.A_HBAcceptor
517,VAL187.A_Cationic
518,VAL187.A_Anionic
519,VAL187.A_PiCation
520,VAL187.A_CationPi
521,VAL187.A_PiStacking
522,VAL187.A_VdWContact
523,THR188.A_Hydrophobic
524,THR188.A_HBDonor
525,THR188.A_HBAcceptor
526,THR188.A_Cationic
527,THR188.A_Anionic
528,THR188.A_PiCation
529,THR188.A_CationPi
530,THR188.A_PiStacking
531,THR188.A_VdWContact
532,TRP189.A_Hydrophobic
533,TRP189.A_HBDonor
534,TRP189.A_HBAcceptor
535,TRP189.A_Cationic
536,TRP189.A_Anionic
537,TRP189.A_PiCation
538,TRP189.A_CationPi
539,TRP189.A_PiStacking
540,TRP189.A_VdWContact
541,PHE190.A_Hydrophobic
542,PHE190.A_HBDonor
543,PHE190.A_HBAcceptor
544,PHE190.A_Cationic
545,PHE190.A_Anionic
546,PHE190.A_PiCation
547,PHE190.A_CationPi
548,PHE190.A_PiStacking
549,PHE190.A_VdWContact
550,LYS191.A_Hydrophobic
551,LYS191.A_HBDonor
552,LYS191.A_HBAcceptor
553,LYS191.A_Cationic
554,LYS191.A_Anionic
555,LYS191.A_PiCation
556,LYS191.A_CationPi
557,LYS191.A_PiStacking
558,LYS191.A_VdWContact
559,VAL192.A_Hydrophobic
560,VAL192.A_HBDonor
561,VAL192.A_HBAcceptor
562,VAL192.A_Cationic
563,VAL192.A_Anionic
564,VAL192.A_PiCation
565,VAL192.A_CationPi
566,VAL192.A_PiStacking
567,VAL192.A_VdWContact
568,MET193.A_Hydrophobic
569,MET193.A_HBDonor
570,MET193.A_HBAcceptor
571,MET193.A_Cationic
572,MET193.A_Anionic
573,MET193.A_PiCation
574,MET193.A_CationPi
575,MET193.A_PiStacking
576,MET193.A_VdWContact
577,THR194.A_Hydrophobic
578,THR194.A_HBDonor
579,THR194.A_HBAcceptor
580,THR194.A_Cationic
581,THR194.A_Anionic
582,THR194.A_PiCation
583,THR194.A_CationPi
584,THR194.A_PiStacking
585,THR194.A_VdWContact
586,ALA195.A_Hydrophobic
587,ALA195.A_HBDonor
588,ALA195.A_HBAcceptor
589,ALA195.A_Cationic
590,ALA195.A_Anionic
591,ALA195.A_PiCation
592,ALA195.A_CationPi
593,ALA195.A_PiStacking
594,ALA195.A_VdWContact
595,ILE196.A_Hydrophobic
596,ILE196.A_HBDonor
597,ILE196.A_HBAcceptor
598,ILE196.A_Cationic
599,ILE196.A_Anionic
600,ILE196.A_PiCation
601,ILE196.A_CationPi
602,ILE196.A_PiStacking
603,ILE196.A_VdWContact
604,ILE197.A_Hydrophobic
605,ILE197.A_HBDonor
606,ILE197.A_HBAcceptor
607,ILE197.A_Cationic
608,ILE197.A_Anionic
609,ILE197.A_PiCation
610,ILE197.A_CationPi
611,ILE197.A_PiStacking
612,ILE197.A_VdWContact
613,ASN198.A_Hydrophobic
614,ASN198.A_HBDonor
615,ASN198.A_HBAcceptor
616,ASN198.A_Cationic
617,ASN198.A_Anionic
618,ASN198.A_PiCation
619,ASN198.A_CationPi
620,ASN198.A_PiStacking
621,ASN198.A_VdWContact
622,PHE199.A_Hydrophobic
623,PHE199.A_HBDonor
624,PHE199.A_HBAcceptor
625,PHE199.A_Cationic
626,PHE199.A_Anionic
627,PHE199.A_PiCation
628,PHE199.A_CationPi
629,PHE199.A_PiStacking
630,PHE199.A_VdWContact
631,TYR200.A_Hydrophobic
632,TYR200.A_HBDonor
633,TYR200.A_HBAcceptor
634,TYR200.A_Cationic
635,TYR200.A_Anionic
636,TYR200.A_PiCation
637,TYR200.A_CationPi
638,TYR200.A_PiStacking
639,TYR200.A_VdWContact
640,PRO202.A_Hydrophobic
641,PRO202.A_HBDonor
642,PRO202.A_HBAcceptor
643,PRO202.A_Cationic
644,PRO202.A_Anionic
645,PRO202.A_PiCation
646,PRO202.A_CationPi
647,PRO202.A_PiStacking
648,PRO202.A_VdWContact
649,PHE424.A_Hydrophobic
650,PHE424.A_HBDonor
651,PHE424.A_HBAcceptor
652,PHE424.A_Cationic
653,PHE424.A_Anionic
654,PHE424.A_PiCation
655,PHE424.A_CationPi
656,PHE424.A_PiStacking
657,PHE424.A_VdWContact
658,TRP428.A_Hydrophobic
659,TRP428.A_HBDonor
660,TRP428.A_HBAcceptor
661,TRP428.A_Cationic
662,TRP428.A_Anionic
663,TRP428.A_PiCation
664,TRP428.A_CationPi
665,TRP428.A_PiStacking
666,TRP428.A_VdWContact
667,TYR431.A_Hydrophobic
668,TYR431.A_HBDonor
669,TYR431.A_HBAcceptor
670,TYR431.A_Cationic
671,TYR431.A_Anionic
672,TYR431.A_PiCation
673,TYR431.A_CationPi
674,TYR431.A_PiStacking
675,TYR431.A_VdWContact
676,PHE432.A_Hydrophobic
677,PHE432.A_HBDonor
678,PHE432.A_HBAcceptor
679,PHE432.A_Cationic
680,PHE432.A_Anionic
681,PHE432.A_PiCation
682,PHE432.A_CationPi
683,PHE432.A_PiStacking
684,PHE432.A_VdWContact
685,PHE434.A_Hydrophobic
686,PHE434.A_HBDonor
687,PHE434.A_HBAcceptor
688,PHE434.A_Cationic
689,PHE434.A_Anionic
690,PHE434.A_PiCation
691,PHE434.A_CationPi
692,PHE434.A_PiStacking
693,PHE434.A_VdWContact
694,PHE435.A_Hydrophobic
695,PHE435.A_HBDonor
696,PHE435.A_HBAcceptor
697,PHE435.A_Cationic
698,PHE435.A_Anionic
699,PHE435.A_PiCation
700,PHE435.A_CationPi
701,PHE435.A_PiStacking
702,PHE435.A_VdWContact
703,ILE438.A_Hydrophobic
704,ILE438.A_HBDonor
705,ILE438.A_HBAcceptor
706,ILE438.A_Cationic
707,ILE438.A_Anionic
708,ILE438.A_PiCation
709,ILE438.A_CationPi
710,ILE438.A_PiStacking
711,ILE438.A_VdWContact
712,ALA439.A_Hydrophobic
713,ALA439.A_HBDonor
714,ALA439.A_HBAcceptor
715,ALA439.A_Cationic
716,ALA439.A_Anionic
717,ALA439.A_PiCation
718,ALA439.A_CationPi
719,ALA439.A_PiStacking
720,ALA439.A_VdWContact
721,ASN446.A_Hydrophobic
722,ASN446.A_HBDonor
723,ASN446.A_HBAcceptor
724,ASN446.A_Cationic
725,ASN446.A_Anionic
726,ASN446.A_PiCation
727,ASN446.A_CationPi
728,ASN446.A_PiStacking
729,ASN446.A_VdWContact
730,GLU447.A_Hydrophobic
731,GLU447.A_HBDonor
732,GLU447.A_HBAcceptor
733,GLU447.A_Cationic
734,GLU447.A_Anionic
735,GLU447.A_PiCation
736,GLU447.A_CationPi
737,GLU447.A_PiStacking
738,GLU447.A_VdWContact
739,HIS448.A_Hydrophobic
740,HIS448.A_HBDonor
741,HIS448.A_HBAcceptor
742,HIS448.A_Cationic
743,HIS448.A_Anionic
744,HIS448.A_PiCation
745,HIS448.A_CationPi
746,HIS448.A_PiStacking
747,HIS448.A_VdWContact
748,LEU449.A_Hydrophobic
749,LEU449.A_HBDonor
750,LEU449.A_HBAcceptor
751,LEU449.A_Cationic
752,LEU449.A_Anionic
753,LEU449.A_PiCation
754,LEU449.A_CationPi
755,LEU449.A_PiStacking
756,LEU449.A_VdWContact
757,HIS450.A_Hydrophobic
758,HIS450.A_HBDonor
759,HIS450.A_HBAcceptor
760,HIS450.A_Cationic
761,HIS450.A_Anionic
762,HIS450.A_PiCation
763,HIS450.A_CationPi
764,HIS450.A_PiStacking
765,HIS450.A_VdWContact
766,MET451.A_Hydrophobic
767,MET451.A_HBDonor
768,MET451.A_HBAcceptor
769,MET451.A_Cationic
770,MET451.A_Anionic
771,MET451.A_PiCation
772,MET451.A_CationPi
773,MET451.A_PiStacking
774,MET451.A_VdWContact
775,PHE452.A_Hydrophobic
776,PHE452.A_HBDonor
777,PHE452.A_HBAcceptor
778,PHE452.A_Cationic
779,PHE452.A_Anionic
780,PHE452.A_PiCation
781,PHE452.A_CationPi
782,PHE452.A_PiStacking
783,PHE452.A_VdWContact
784,THR453.A_Hydrophobic
785,THR453.A_HBDonor
786,THR453.A_HBAcceptor
787,THR453.A_Cationic
788,THR453.A_Anionic
789,THR453.A_PiCation
790,THR453.A_CationPi
791,THR453.A_PiStacking
792,THR453.A_VdWContact
793,ILE454.A_Hydrophobic
794,ILE454.A_HBDonor
795,ILE454.A_HBAcceptor
796,ILE454.A_Cationic
797,ILE454.A_Anionic
798,ILE454.A_PiCation
799,ILE454.A_CationPi
800,ILE454.A_PiStacking
801,ILE454.A_VdWContact
802,TRP455.A_Hydrophobic
803,TRP455.A_HBDonor
804,TRP455.A_HBAcceptor
805,TRP455.A_Cationic
806,TRP455.A_Anionic
807,TRP455.A_PiCation
808,TRP455.A_CationPi
809,TRP455.A_PiStacking
810,TRP455.A_VdWContact
811,LEU456.A_Hydrophobic
812,LEU456.A_HBDonor
813,LEU456.A_HBAcceptor
814,LEU456.A_Cationic
815,LEU456.A_Anionic
816,LEU456.A_PiCation
817,LEU456.A_CationPi
818,LEU456.A_PiStacking
819,LEU456.A_VdWContact
820,GLY457.A_Hydrophobic
821,GLY457.A_HBDonor
822,GLY457.A_HBAcceptor
823,GLY457.A_Cationic
824,GLY457.A_Anionic
825,GLY457.A_PiCation
826,GLY457.A_CationPi
827,GLY457.A_PiStacking
828,GLY457.A_VdWContact
829,TYR458.A_Hydrophobic
830,TYR458.A_HBDonor
831,TYR458.A_HBAcceptor
832,TYR458.A_Cationic
833,TYR458.A_Anionic
834,TYR458.A_PiCation
835,TYR458.A_CationPi
836,TYR458.A_PiStacking
837,TYR458.A_VdWContact
838,ASN460.A_Hydrophobic
839,ASN460.A_HBDonor
840,ASN460.A_HBAcceptor
841,ASN460.A_Cationic
842,ASN460.A_Anionic
843,ASN460.A_PiCation
844,ASN460.A_CationPi
845,ASN460.A_PiStacking
846,ASN460.A_VdWContact
847,LEU46.A_Hydrophobic
848,LEU46.A_HBDonor
849,LEU46.A_HBAcceptor
850,LEU46.A_Cationic
851,LEU46.A_Anionic
852,LEU46.A_PiCation
853,LEU46.A_CationPi
854,LEU46.A_PiStacking
855,LEU46.A_VdWContact
856,THR203.A_Hydrophobic
857,THR203.A_HBDonor
858,THR203.A_HBAcceptor
859,THR203.A_Cationic
860,THR203.A_Anionic
861,THR203.A_PiCation
862,THR203.A_CationPi
863,THR203.A_PiStacking
864,THR203.A_VdWContact
865,PRO82.A_Hydrophobic
866,PRO82.A_HBDonor
867,PRO82.A_HBAcceptor
868,PRO82.A_Cationic
869,PRO82.A_Anionic
870,PRO82.A_PiCation
871,PRO82.A_CationPi
872,PRO82.A_PiStacking
873,PRO82.A_VdWContact
874,ILE425.A_Hydrophobic
875,ILE425.A_HBDonor
876,ILE425.A_HBAcceptor
877,ILE425.A_Cationic
878,ILE425.A_Anionic
879,ILE425.A_PiCation
880,ILE425.A_CationPi
881,ILE425.A_PiStacking
882,ILE425.A_VdWContact
883,ILE429.A_Hydrophobic
884,ILE429.A_HBDonor
885,ILE429.A_HBAcceptor
886,ILE429.A_Cationic
887,ILE429.A_Anionic
888,ILE429.A_PiCation
889,ILE429.A_CationPi
890,ILE429.A_PiStacking
891,ILE429.A_VdWContact
892,ARG53.A_Hydrophobic
893,ARG53.A_HBDonor
894,ARG53.A_HBAcceptor
895,ARG53.A_Cationic
896,ARG53.A_Anionic
897,ARG53.A_PiCation
898,ARG53.A_CationPi
899,ARG53.A_PiStacking
900,ARG53.A_VdWContact
901,PHE119.A_Hydrophobic
902,PHE119.A_HBDonor
903,PHE119.A_HBAcceptor
904,PHE119.A_Cationic
905,PHE119.A_Anionic
906,PHE119.A_PiCation
907,PHE119.A_CationPi
908,PHE119.A_PiStacking
909,PHE119.A_VdWContact
910,LEU201.A_Hydrophobic
911,LEU201.A_HBDonor
912,LEU201.A_HBAcceptor
913,LEU201.A_Cationic
914,LEU201.A_Anionic
915,LEU201.A_PiCation
916,LEU201.A_CationPi
917,LEU201.A_PiStacking
918,LEU201.A_VdWContact
919,SER145.A_Hydrophobic
920,SER145.A_HBDonor
921,SER145.A_HBAcceptor
922,SER145.A_Cationic
923,SER145.A_Anionic
924,SER145.A_PiCation
925,SER145.A_CationPi
926,SER145.A_PiStacking
927,SER145.A_VdWContact
928,VAL42.A_Hydrophobic
929,VAL42.A_HBDonor
930,VAL42.A_HBAcceptor
931,VAL42.A_Cationic
932,VAL42.A_Anionic
933,VAL42.A_PiCation
934,VAL42.A_CationPi
935,VAL42.A_PiStacking
936,VAL42.A_VdWContact
937,LEU205.A_Hydrophobic
938,LEU205.A_HBDonor
939,LEU205.A_HBAcceptor
940,LEU205.A_Cationic
941,LEU205.A_Anionic
942,LEU205.A_PiCation
943,LEU205.A_CationPi
944,LEU205.A_PiStacking
945,LEU205.A_VdWContact
946,VAL67.A_Hydrophobic
947,VAL67.A_HBDonor
948,VAL67.A_HBAcceptor
949,VAL67.A_Cationic
950,VAL67.A_Anionic
951,VAL67.A_PiCation
952,VAL67.A_CationPi
953,VAL67.A_PiStacking
954,VAL67.A_VdWContact
955,CYS427.A_Hydrophobic
956,CYS427.A_HBDonor
957,CYS427.A_HBAcceptor
958,CYS427.A_Cationic
959,CYS427.A_Anionic
960,CYS427.A_PiCation
961,CYS427.A_CationPi
962,CYS427.A_PiStacking
963,CYS427.A_VdWContact
964,MET436.A_Hydrophobic
965,MET436.A_HBDonor
966,MET436.A_HBAcceptor
967,MET436.A_Cationic
968,MET436.A_Anionic
969,MET436.A_PiCation
970,MET436.A_CationPi
971,MET436.A_PiStacking
972,MET436.A_VdWContact
973,GLY77.A_Hydrophobic
974,GLY77.A_HBDonor
975,GLY77.A_HBAcceptor
976,GLY77.A_Cationic
977,GLY77.A_Anionic
978,GLY77.A_PiCation
979,GLY77.A_CationPi
980,GLY77.A_PiStacking
981,GLY77.A_VdWContact
982,LEU34.A_Hydrophobic
983,LEU34.A_HBDonor
984,LEU34.A_HBAcceptor
985,LEU34.A_Cationic
986,LEU34.A_Anionic
987,LEU34.A_PiCation
988,LEU34.A_CationPi
989,LEU34.A_PiStacking
990,LEU34.A_VdWContact
991,ASP73.A_Hydrophobic
992,ASP73.A_HBDonor
993,ASP73.A_HBAcceptor
994,ASP73.A_Cationic
995,ASP73.A_Anionic
996,ASP73.A_PiCation
997,ASP73.A_CationPi
998,ASP73.A_PiStacking
999,ASP73.A_VdWContact
1000,ILE120.A_Hydrophobic
1001,ILE120.A_HBDonor
1002,ILE120.A_HBAcceptor
1003,ILE120.A_Cationic
1004,ILE120.A_Anionic
1005,ILE120.A_PiCation
1006,ILE120.A_CationPi
1007,ILE120.A_PiStacking
1008,ILE120.A_VdWContact
1009,SER461.A_Hydrophobic
1010,SER461.A_HBDonor
1011,SER461.A_HBAcceptor
1012,SER461.A_Cationic
1013,SER461.A_Anionic
1014,SER461.A_PiCation
1015,SER461.A_CationPi
1016,SER461.A_PiStacking
1017,SER461.A_VdWContact
1018,LEU30.A_Hydrophobic
1019,LEU30.A_HBDonor
1020,LEU30.A_HBAcceptor
1021,LEU30.A_Cationic
1022,LEU30.A_Anionic
1023,LEU30.A_PiCation
1024,LEU30.A_CationPi
1025,LEU30.A_PiStacking
1026,LEU30.A_VdWContact
1027,GLY43.A_Hydrophobic
1028,GLY43.A_HBDonor
1029,GLY43.A_HBAcceptor
1030,GLY43.A_Cationic
1031,GLY43.A_Anionic
1032,GLY43.A_PiCation
1033,GLY43.A_CationPi
1034,GLY43.A_PiStacking
1035,GLY43.A_VdWContact
1036,LEU39.A_Hydrophobic
1037,LEU39.A_HBDonor
1038,LEU39.A_HBAcceptor
1039,LEU39.A_Cationic
1040,LEU39.A_Anionic
1041,LEU39.A_PiCation
1042,LEU39.A_CationPi
1043,LEU39.A_PiStacking
1044,LEU39.A_VdWContact
1045,ASN45.A_Hydrophobic
1046,ASN45.A_HBDonor
1047,ASN45.A_HBAcceptor
1048,ASN45.A_Cationic
1049,ASN45.A_Anionic
1050,ASN45.A_PiCation
1051,ASN45.A_CationPi
1052,ASN45.A_PiStacking
1053,ASN45.A_VdWContact
1054,THR41.A_Hydrophobic
1055,THR41.A_HBDonor
1056,THR41.A_HBAcceptor
1057,THR41.A_Cationic
1058,THR41.A_Anionic
1059,THR41.A_PiCation
1060,THR41.A_CationPi
1061,THR41.A_PiStacking
1062,THR41.A_VdWContact
